g15	1	2	1p17-1
g15	3	2	1p17-8
g15	4	2	1p17-1
g15	5	2	1p17-72
g15	2	6	2p17-432
g15	7	2	1p17-10773
g15	8	2	1p17-3
g15	9	2	1p17-12
g15	10	2	1p17-6
g15	11	2	3p17-158
g15	2	12	2p17-240
g15	2	13	2p17-1360
g15	14	2	1p17-2
g15	15	2	1p17-12
g15	16	2	1p17-1
g15	17	2	3p17-614
g15	18	2	1p17-30
g15	19	2	1p17-1
g15	2	20	2p17-1212
g15	21	2	1p17-13
g15	22	2	1p17-1
g15	23	2	1p17-1
g15	24	2	1p17-1
g15	2	25	2p17-1156
g15	26	2	1p17-50
g15	27	2	1p17-1
g15	28	2	1p17-3
g15	2	29	2p17-1738
g15	30	2	1p17-1
g15	31	2	1p17-1
g15	32	2	1p17-148
g15	2	33	2p17-1144
g15	34	2	1p17-22
g15	35	2	1p17-2
g15	2	36	2p17-4256
g15	2	37	2p17-6288
g15	38	2	1p17-12
g15	39	2	1p17-16
g15	40	2	1p17-4
g15	41	2	1p17-12
g15	42	2	1p17-35
g15	43	2	1p17-33
g15	44	2	3p17-693
g15	45	2	1p17-9
g15	46	2	1p17-12
g15	47	2	1p17-1
g15	29	2	1p17-119
g15	48	2	1p17-4
g15	49	2	1p17-18
g15	50	2	1p17-1
g15	51	2	1p17-518
g15	52	2	1p17-7
g15	53	2	3p17-59
g15	54	2	1p17-119
g15	55	2	1p17-1
g15	56	2	1p17-1
g15	57	2	3p17-68
g15	58	2	1p17-3
g15	59	2	1p17-20
g15	60	2	1p17-21
g15	12	2	1p17-12
g15	61	2	1p17-4
g15	62	2	1p17-1
g15	63	2	3p17-11
g15	64	2	1p17-21
g15	2	65	2p17-420
g15	66	2	1p17-36
g15	67	2	1p17-12
g15	68	2	1p17-89
g15	69	2	1p17-11
g15	2	70	2p17-4576
g15	71	2	1p17-4
g15	72	2	1p17-1
g15	73	2	1p17-1
g15	74	2	1p17-2218
g15	75	2	1p17-2
g15	2	76	4p17-8
g15	77	2	1p17-12
g15	78	2	1p17-1
g15	79	2	1p17-6
g15	80	2	1p17-2
g15	81	2	1p17-535
g15	82	2	1p17-1
g15	83	2	1p17-20
g15	2	84	2p17-858
g15	2	85	2p17-42
g15	86	2	1p17-40
g15	87	2	1p17-800
g15	88	2	1p17-2
g15	89	2	1p17-332
g15	90	2	1p17-34
g15	91	2	3p17-189
g15	2	92	2p17-968
g15	2	93	2p17-656
g15	94	2	1p17-1
g15	2	95	2p17-1022
g15	96	2	1p17-11
g15	2	97	1p6-34
g15	98	2	1p17-14
g15	99	2	1p17-2
g15	100	2	1p17-19
g15	2	101	2p17-4024
g15	102	2	1p17-12
g15	103	2	3p17-26
g15	2	48	2p17-4
g15	104	2	1p17-2
g15	105	2	3p17-276,1p17-530
g15	106	2	1p17-564
g15	107	2	1p17-6
g15	108	2	3p17-222
g15	109	2	1p17-4
g15	110	2	1p17-12
g15	2	111	2p17-8
g15	112	2	1p17-12
g15	113	2	1p17-66
g15	2	103	2p17-32
g15	114	2	1p17-10
g15	115	2	1p17-3
g15	116	2	1p17-2
g15	117	2	3p17-1,1p17-2
g15	118	2	1p17-250
g15	119	2	1p17-12
g15	120	2	1p17-2
g15	121	2	3p17-532
g15	122	2	1p17-20
g15	123	2	1p17-8
g15	2	124	2p17-48
g15	125	2	3p17-10
g15	126	2	1p17-1
g15	127	2	5p17-12983
g15	128	2	1p17-1
g15	129	2	1p17-1
g15	130	2	1p17-3
g15	131	2	1p17-6
g15	132	2	1p17-4
g15	133	2	3p17-144
g15	134	2	1p17-2
g15	135	2	1p17-358
g15	136	2	1p17-1
g15	137	2	1p17-1
g15	101	2	3p17-284
g15	2	138	2p17-5202
g15	139	2	1p17-4
g15	140	2	3p17-524
g15	141	2	1p17-10
g15	142	2	1p17-4
g15	2	143	2p17-196
g15	144	2	1p17-12
g15	145	2	1p17-7
g15	146	2	1p17-4
g15	147	2	3p17-159
g15	2	148	2p17-844
g15	149	2	1p17-2
g15	150	2	1p17-2
g15	151	2	1p17-2
g15	152	2	3p17-159
g15	153	2	3p17-183
g15	154	2	1p17-2
g15	155	2	1p17-2
g15	156	2	1p17-253
g15	157	2	1p17-1
g15	158	2	1p17-8
g15	159	2	1p17-1
g15	160	2	1p17-12
g15	161	2	1p17-4
g15	162	2	1p17-2
g15	163	2	1p17-484
g15	164	2	1p17-64
g15	165	2	3p17-514
g15	166	167	6p17-10
g15	2	168	2p17-152
g15	169	2	1p17-120
g15	2	170	2p17-980
g15	171	2	1p17-3
g15	172	2	1p17-1
g15	173	2	1p17-120
g15	174	2	1p17-4
g15	175	2	1p17-2
g15	176	2	1p17-3506
g15	2	177	2p17-3286
g15	178	2	1p17-1
g15	179	2	1p17-1
g15	180	2	1p17-277
g15	181	2	1p17-12
g15	2	182	2p17-712
g15	183	2	1p17-4
g15	184	2	1p17-4
g15	185	2	1p17-1
g15	186	2	1p17-9
g15	2	187	2p17-1646
g15	188	2	1p17-492
g15	189	2	1p17-8
g15	190	2	1p17-1000
g15	191	2	1p17-14
g15	192	2	1p17-1
g15	193	2	1p17-2
g15	194	2	1p17-54
g15	195	2	1p17-5
g15	196	2	3p17-2,1p17-4
g15	197	2	1p17-1984
g15	198	2	1p17-1
g15	2	199	2p17-42
g15	200	2	1p17-2117
g15	201	2	1p17-1
g15	202	2	1p17-102
g15	203	2	1p17-1
g15	204	2	1p17-2
g15	205	2	1p17-32
g15	206	2	1p17-11
g15	207	2	1p17-2
g15	208	2	1p17-117
g15	209	2	1p17-1
g15	210	2	1p17-5
g15	211	2	1p17-17671
g15	212	2	1p17-1
g15	213	2	1p17-32
g15	2	214	1p6-359
g15	215	2	1p17-2
g15	216	2	3p17-66
g15	217	2	1p17-4
g15	218	2	1p17-1
g15	219	2	1p17-6
g15	220	2	1p17-32
g15	221	2	1p17-4
g15	222	2	3p17-163,1p17-76
g15	223	2	3p17-59,1p17-9
g15	224	2	1p17-12
g15	225	2	1p17-2
g15	226	2	1p17-1
g15	227	2	1p17-4
g15	228	2	1p17-2
g15	229	2	1p17-6
g15	230	2	1p17-1833
g15	231	2	1p17-17
g15	232	2	1p17-98
g15	2	233	2p17-108
g15	234	2	1p17-2
g15	235	2	7p17-2370
g15	236	2	3p17-720
g15	237	2	1p17-43
g15	238	2	1p17-12
g15	2	239	2p17-1374
g15	240	2	1p17-1
g15	241	2	1p17-2416
g15	242	2	1p17-10
g15	243	2	1p17-1
g15	244	2	1p17-160
g15	2	245	2p17-184
g15	246	2	1p17-1
g15	247	2	1p17-18
g15	6	2	1p17-119
g15	248	2	1p17-1
g15	249	2	1p17-3
g15	2	250	2p17-5392
g15	251	2	1p17-43
g15	252	2	1p17-1
g15	2	253	2p17-4
g15	254	2	1p17-34
g15	2	255	2p17-184
g15	256	2	1p17-2
g15	257	2	1p17-1
g15	2	258	2p17-120
g15	259	2	1p17-3
g15	260	2	1p17-1
g15	261	2	1p17-13
g15	262	2	1p17-18
g15	263	2	1p17-12
g15	199	2	3p17-445,1p17-842
g15	264	2	1p17-12
g15	265	2	1p17-1
g15	266	2	1p17-40
g15	267	2	1p17-18
g15	268	2	3p17-74
g15	269	2	3p17-63,1p17-126
g15	2	270	2p17-176
g15	111	2	3p17-9,1p17-1011
g15	2	271	2p6-526
g15	272	2	3p17-11
g15	273	2	1p17-2
g15	274	2	1p17-1
g15	2	275	1p6-29
g15	276	2	1p17-4
g15	277	2	1p17-4
g15	278	2	1p17-2
g15	279	2	1p17-1
g15	280	2	1p17-24
g15	281	2	1p17-1
g15	282	2	1p17-564
g15	283	2	3p17-11
g15	2	284	2p17-852
g15	285	2	3p17-280,1p17-623
g15	286	2	1p17-9
g15	287	2	1p17-8
g15	2	288	2p17-924
g15	289	2	1p17-12
g15	290	2	1p17-11
g15	2	57	2p17-544
g15	291	2	1p17-2
g15	292	2	1p17-14
g15	2	293	2p17-114
g15	294	2	1p17-12
g15	295	2	1p17-144
g15	296	2	1p17-2
g15	297	2	1p17-19
g15	298	2	3p17-166,1p17-332
g15	299	2	1p17-2
g15	300	2	1p17-138
g15	301	2	1p17-136
g15	302	2	1p17-11
g15	303	2	1p17-109
g15	304	2	1p17-74
g15	305	2	1p17-526
g15	306	2	1p17-10
g15	307	2	1p17-118
g15	308	2	3p17-2,1p17-12
g15	309	2	3p17-153,1p17-72
g15	258	2	3p17-57
g15	310	2	1p17-1
g15	311	2	1p17-2
g15	312	2	1p17-3
g15	93	2	3p17-46
g15	313	2	1p17-2
g15	2	223	2p17-720
g15	314	2	1p17-3
g15	315	2	1p17-10
g15	316	2	1p17-1
g15	317	2	1p17-1
g15	318	2	1p17-9
g15	319	2	1p17-11
g15	320	2	1p17-1
g15	321	2	1p17-1232
g15	322	2	1p17-4
g15	323	2	1p17-1
g15	324	2	1p17-88
g15	2	325	2p17-884
g15	326	2	1p17-123
g15	327	2	1p17-18
g15	328	2	3p17-763
g15	2	329	2p17-1296
g15	330	2	1p17-1242
g15	331	2	3p17-4
g15	332	2	1p17-1
g15	333	2	3p17-60,1p17-124
g15	334	2	1p17-11
g15	335	2	1p17-1
g15	336	2	1p17-14
g15	337	2	1p17-564
g15	338	2	1p17-4
g15	339	2	1p17-4
g15	340	2	1p17-1
g15	341	2	1p17-22
g15	342	2	1p17-20
g15	343	2	3p17-652
g15	344	2	1p17-183
g15	2	345	2p17-132
g15	346	2	1p17-44
g15	347	2	1p17-12
g15	348	2	1p17-2
g15	349	2	1p17-1
g15	350	2	3p17-553,1p17-1150
g15	351	2	1p17-13
g15	2	63	2p17-552
g15	352	2	1p17-11
g15	353	2	1p17-22
g15	354	2	1p17-44
g15	355	2	1p17-1
g15	356	2	1p17-1
g15	357	2	1p17-2
g15	358	2	1p17-16
g15	359	2	1p17-1
g15	360	2	1p17-22
g15	361	2	1p17-1952
g15	362	2	1p17-18
g15	363	2	1p17-3
g15	364	2	1p17-2
g15	365	2	1p17-1994
g15	366	2	1p17-4
g15	2	367	2p17-4488
g15	368	2	1p17-4
g15	369	2	1p17-34
g15	370	2	1p17-19
g15	371	2	1p17-2
g15	372	2	1p17-3
g15	373	2	3p17-159
g15	374	2	1p17-113
g15	375	2	1p17-4
g15	376	2	1p17-1
g15	377	2	3p17-21207,1p17-170
g15	378	2	1p17-4
g15	379	2	1p17-15
g15	2	380	2p17-1628
g15	2	105	2p17-24
g15	381	2	1p17-34
g15	382	2	1p17-47
g15	383	2	1p17-1
g15	384	2	3p17-2
g15	2	385	2p17-844
g15	2	91	2p17-1624
g15	386	2	1p17-2
g15	387	2	1p17-1120
g15	388	2	1p17-1
g15	389	2	1p17-2
g15	2	390	2p17-64
g15	391	2	1p17-2
g15	392	2	1p17-1
g15	148	2	1p17-201
g15	393	2	1p17-130
g15	394	2	1p17-28
g15	395	2	1p17-1
g15	396	2	1p17-535
g15	397	2	1p17-1
g15	398	2	1p17-40
g15	399	2	1p17-1
g15	400	2	1p17-1
g15	401	2	1p17-1
g15	402	2	1p17-69
g15	2	352	2p17-5870
g15	2	216	2p17-944
g15	403	2	1p17-32
g15	404	2	1p17-11
g15	2	405	3p6-175
g15	406	2	1p17-8
g15	407	2	1p17-1
g15	408	2	1p17-2
g15	409	2	1p17-11
g15	410	2	3p17-6
g15	411	412	8p17-3
g15	413	2	1p17-34
g15	414	2	1p17-1
g15	2	272	2p17-552
g15	415	2	1p17-1
g15	416	2	1p17-1
g15	417	2	1p17-1
g15	418	2	1p17-8
g15	419	2	1p17-1
g15	420	2	1p17-34
g15	421	2	4p6-40
g15	422	2	1p17-1
g15	2	346	2p17-4
g15	423	2	1p17-8
g15	424	2	1p17-11
g15	425	2	1p17-1
g15	426	2	1p17-10
g15	2	427	2p17-722
g15	428	2	1p17-4
g15	429	2	1p17-104
g15	13	2	3p17-88
g15	430	2	1p17-50
g15	431	2	1p17-2314
g15	432	2	1p17-1
g15	433	2	1p17-2
g15	2	141	2p17-674
g15	434	2	1p17-12
g15	435	2	3p17-5,1p17-8
g15	2	205	2p17-450
g15	2	295	2p17-2388
g15	436	2	1p17-1
g15	245	2	3p17-10
g15	437	2	1p17-1
g15	438	2	1p17-1
g15	439	2	1p17-9
g15	2	133	2p17-1512
g15	440	2	1p17-1
g15	441	2	1p17-304
g15	442	2	3p17-559
g15	284	2	1p17-221
g15	443	2	1p17-4
g15	2	152	2p17-1608
g15	444	2	1p17-27021
g15	445	2	1p17-4
g15	2	446	2p17-220
g15	447	2	3p17-5
g15	2	448	2p17-44
g15	449	2	1p17-1
g15	345	2	1p17-16
g15	380	2	1p17-114
g15	450	2	1p17-16
g15	451	2	1p17-1
g15	452	2	1p17-7
g15	2	125	2p17-832
g15	446	2	1p17-37
g15	2	169	2p17-1336
g15	453	2	1p17-14
g15	454	2	1p17-9
g15	455	2	1p17-1267
g15	456	2	1p17-2288
g15	92	2	3p17-76,1p17-140
g15	457	2	1p17-6
g15	458	2	1p17-454
g15	459	2	1p17-6
g15	460	2	1p17-102
g15	177	2	1p17-15
g15	461	2	1p17-65
g15	462	2	1p17-4
g15	463	2	1p17-10
g15	448	2	3p17-6,1p17-56
g15	464	2	1p17-3
g15	465	2	1p17-17
g15	2	121	2p17-9134
g15	2	466	4p17-8
g15	467	2	1p17-4
g15	468	2	1p17-11
g15	469	2	1p17-8
g15	470	2	1p17-1
g15	471	2	1p17-1
g15	472	2	1p17-127
g15	473	2	1p17-110
g15	2	474	2p17-296
g15	475	2	1p17-1
g15	476	2	3p17-4,1p17-4
g15	2	11	2p17-2136
g15	477	2	1p17-2
g15	478	2	1p17-4
g15	479	2	1p17-2
g15	70	2	3p17-342
g15	480	2	1p17-2
g15	481	2	1p17-12
g15	482	2	1p17-248
g15	36	2	3p17-149,1p17-140
g15	483	2	1p17-28
g15	484	2	3p17-54,1p17-106
g15	485	2	1p17-1
g15	486	2	1p17-119
g15	487	2	1p17-1
g15	488	2	1p17-1970
g15	489	2	1p17-156
g15	490	2	1p17-1
g15	491	2	1p17-11
g15	492	2	1p17-1
g15	2	493	2p17-1654
g15	494	2	1p17-1920
g15	495	2	1p17-42
g15	496	2	3p17-32,1p17-72
g15	2	165	2p17-6836
g15	497	2	1p17-11
g15	498	2	1p17-1
g15	499	2	1p17-2357
g15	84	2	9p17-13405
g15	500	2	1p17-4
g15	250	2	3p17-338,1p17-552
g15	2	501	2p17-808
g15	502	2	1p17-9
g15	503	2	1p17-3
g15	504	2	1p17-43
g15	2	505	2p17-4
g15	506	2	1p17-564
g15	507	2	1p17-386
g15	508	2	1p17-12
g15	509	2	4p6-13
g15	2	510	2p17-1354
g15	511	2	1p17-1
g15	512	2	1p17-1
g15	2	119	2p17-5296
g15	513	2	1p17-1
g15	514	2	1p17-3
g15	515	2	1p17-1
g15	516	2	1p17-672
g15	2	373	2p17-3728
g15	517	167	6p17-10
g15	518	2	1p17-12
g15	519	2	1p17-12
g15	520	2	1p17-1
g15	521	2	3p17-1,1p17-11
g15	522	2	1p17-2
g15	523	2	1p17-1943
g15	524	2	1p17-106
g15	525	2	1p17-24
g15	2	526	2p17-558
g15	527	2	1p17-960
g15	2	140	2p17-6520
g15	528	2	1p17-163
g15	187	2	1p17-55
g15	529	2	1p17-1
g15	2	530	2p17-200
g15	531	2	1p17-1
g15	532	2	1p17-1
g15	329	2	3p17-92
g15	533	2	1p17-401
g15	2	194	2p17-842
g15	534	2	1p17-180
g15	535	2	1p17-1794
g15	182	2	1p17-58
g15	536	2	1p17-1
g15	2	537	2p17-5018
g15	2	538	4p17-8
g15	539	2	1p17-5
g15	2	486	2p17-806
g15	2	540	2p17-288
g15	541	2	1p17-2285
g15	542	2	1p17-4
g15	543	2	1p17-1
g15	544	2	3p17-235,1p17-274
g15	545	2	1p17-1
g15	546	2	1p17-1
g15	547	2	1p17-1922
g15	548	2	1p17-1
g15	549	2	1p17-292
g15	550	2	1p17-11
g15	551	2	3p17-8
g15	552	2	1p17-1
g15	553	2	1p17-1
g15	554	2	3p17-76,1p17-160
g15	2	398	2p17-6616
g15	555	2	1p17-1
g15	556	2	1p17-1
g15	2	472	2p17-980
g15	530	2	3p17-49
g15	557	2	1p17-1923
g15	558	2	1p17-1
g15	2	208	2p17-574
g15	559	2	1p17-2
g15	560	2	1p17-1
g15	561	2	1p17-12
g15	562	2	1p17-18
g15	270	2	3p17-24
g15	563	2	1p17-817
g15	564	2	3p17-705
g15	565	2	3p17-8
g15	2	566	3p6-169
g15	474	2	3p17-46,1p17-1631
g15	567	2	1p17-1
g15	568	2	10p17-2370
g15	569	2	1p17-266
g15	570	2	1p17-4
g15	2	571	2p17-176
g15	572	2	1p17-1
g15	573	2	1p17-40
g15	2	374	2p17-584
g15	2	574	11p17-128118
g15	575	2	1p17-2
g15	367	2	3p17-295
g15	576	2	1p17-1
g15	577	2	1p17-1
g15	578	2	1p17-9
g15	579	2	1p17-2
g15	580	2	1p17-12
g15	581	2	1p17-1
g15	582	2	1p17-2
g15	583	2	1p17-1
g15	584	2	3p17-787
g15	585	2	1p17-126
g15	501	2	3p17-142
g15	586	2	1p17-8
g15	587	2	1p17-12
g15	588	2	1p17-1
g15	589	2	1p17-9
g15	590	2	1p17-1
g15	2	108	2p17-1408
g15	591	2	1p17-8
g15	2	153	2p17-3840
g15	592	2	1p17-1861
g15	593	2	1p17-34
g15	594	2	1p17-8
g15	2	544	2p17-1152
g15	385	2	1p17-1
g15	595	2	1p17-12
g15	596	2	1p17-20
g15	2	222	2p17-1928
g15	2	597	2p17-2516
g15	598	2	1p17-11
g15	599	2	1p17-1
g15	288	2	1p17-129
g15	600	2	1p17-3
g15	601	2	3p17-784
g15	33	2	9p17-6144
g15	2	442	2p17-8040
g15	602	2	1p17-2256
g15	603	2	1p17-2
g15	604	2	1p17-1
g15	2	79	2p17-510
g15	605	2	1p17-6
g15	606	2	1p17-1
g15	607	2	1p17-135
g15	608	2	1p17-12
g15	2	309	2p17-1120
g15	609	2	1p17-2
g15	610	2	1p17-1
g15	611	412	6p17-5,8p17-3
g15	2	307	2p17-1910
g15	2	612	2p17-2160
g15	613	2	1p17-11
g15	614	2	1p17-71
g15	615	2	1p17-1
g15	616	2	3p17-769
g15	20	2	1p17-54
g15	617	2	1p17-39042
g15	618	2	1p17-1
g15	2	147	2p17-1952
g15	619	2	1p17-15
g15	2	620	4p6-286310
g15	621	2	1p17-1934
g15	2	622	2p17-310
g15	623	2	1p17-1
g15	624	2	1p17-3
g15	625	2	1p17-1
g15	626	2	3p17-65830,1p17-3818
g15	37	2	3p17-321
g15	627	2	1p17-11
g15	628	2	1p17-1
g15	629	2	1p17-1550
g15	597	2	1p17-156
g15	630	2	1p17-2
g15	589	2	1p17-3
g15	2	101	2p17-5552
g15	187	2	1p17-56
g15	631	2	1p17-1
g15	353	2	1p17-18
g15	278	2	1p17-2
g15	632	2	1p17-1
g15	463	2	1p17-4
g15	633	2	1p17-1
g15	2	544	2p17-2304
g15	334	2	1p17-12
g15	634	2	1p17-11
g15	635	2	1p17-1
g15	524	2	1p17-120
g15	636	2	1p17-7
g15	585	2	1p17-97
g15	637	2	1p17-1
g15	638	2	1p17-1
g15	568	2	10p17-3455
g15	208	2	1p17-119
g15	84	2	9p17-29053
g15	182	2	1p17-55
g15	282	2	1p17-566
g15	2	36	2p17-2832
g15	216	2	3p17-65
g15	125	2	3p17-12
g15	639	2	1p17-2
g15	551	2	3p17-12
g15	410	2	3p17-6
g15	640	2	1p17-34
g15	641	2	1p17-1
g15	102	2	1p17-12
g15	642	2	1p17-2
g15	643	2	1p17-1
g15	644	2	1p17-33
g15	645	2	1p17-12
g15	2	352	2p17-6070
g15	231	2	1p17-4
g15	646	2	1p17-36
g15	647	2	1p17-11
g15	648	2	1p17-1
g15	649	2	1p17-68
g15	650	2	1p17-1
g15	153	2	3p17-178
g15	309	2	3p17-160,1p17-72
g15	242	2	1p17-9
g15	57	2	3p17-63
g15	176	2	1p17-3614
g15	303	2	1p17-109
g15	651	2	1p17-1
g15	535	2	1p17-1790
g15	140	2	3p17-536
g15	652	2	1p17-12
g15	141	2	1p17-13
g15	351	2	1p17-33
g15	446	2	1p17-58
g15	653	2	1p17-1
g15	423	2	1p17-43
g15	2	325	2p17-884
g15	654	2	1p17-2
g15	205	2	1p17-31
g15	376	2	1p17-3
g15	655	2	1p17-4
g15	206	2	1p17-22
g15	292	2	1p17-22
g15	276	2	1p17-1
g15	1	2	1p17-1
g15	656	2	1p17-1
g15	580	2	1p17-12
g15	442	2	3p17-565
g15	2	307	2p17-1960
g15	657	2	1p17-2
g15	559	2	1p17-1
g15	658	2	1p17-1
g15	222	2	3p17-153,1p17-2
g15	46	2	1p17-12
g15	88	2	1p17-2
g15	2	48	2p17-4
g15	130	2	1p17-2
g15	361	2	1p17-1944
g15	256	2	1p17-15
g15	555	2	1p17-1
g15	541	2	1p17-2225
g15	659	2	1p17-22
g15	660	2	1p17-1
g15	166	167	6p17-10
g15	661	2	1p17-79
g15	662	2	1p17-4
g15	663	2	1p17-3
g15	581	2	1p17-1
g15	534	2	1p17-168
g15	402	2	1p17-69
g15	106	2	1p17-570
g15	343	2	3p17-662
g15	147	2	3p17-150
g15	54	2	1p17-138
g15	619	2	1p17-19
g15	474	2	3p17-49,1p17-1665
g15	2	95	2p17-1030
g15	36	2	3p17-150,1p17-136
g15	2	472	2p17-988
g15	664	2	1p17-1
g15	665	2	1p17-1
g15	666	2	1p17-30
g15	597	2	1p17-174
g15	667	2	1p17-1
g15	598	2	1p17-9
g15	668	2	1p17-2
g15	424	2	1p17-22
g15	527	2	1p17-1216
g15	41	2	1p17-12
g15	112	2	1p17-12
g15	156	2	1p17-1368
g15	629	2	1p17-1539
g15	2	125	2p17-320
g15	669	2	1p17-16
g15	590	2	1p17-1
g15	670	2	1p17-2
g15	2	208	2p17-582
g15	2	612	2p17-2202
g15	2	133	2p17-640
g15	415	2	1p17-2
g15	371	2	1p17-4
g15	496	2	3p17-27,1p17-72
g15	671	2	1p17-11
g15	672	2	1p17-1
g15	111	2	3p17-11,1p17-1045
g15	673	2	1p17-1
g15	2	398	2p17-6642
g15	674	2	1p17-1
g15	495	2	1p17-40
g15	675	2	1p17-12
g15	212	2	1p17-1
g15	592	2	1p17-2054
g15	676	2	1p17-22
g15	305	2	1p17-522
g15	228	2	1p17-4
g15	506	2	1p17-564
g15	614	2	1p17-68
g15	677	2	1p17-1
g15	2	620	4p6-302435
g15	678	2	1p17-1
g15	224	2	1p17-11
g15	128	2	1p17-1
g15	679	2	1p17-1
g15	35	2	1p17-2
g15	680	2	1p17-1
g15	681	2	1p17-4
g15	547	2	1p17-1944
g15	263	2	1p17-12
g15	682	2	1p17-4
g15	363	2	1p17-3
g15	683	2	1p17-3
g15	471	2	1p17-1
g15	684	2	1p17-1
g15	291	2	1p17-2
g15	2	510	2p17-1354
g15	685	2	1p17-1
g15	464	2	1p17-3
g15	2	239	2p17-1374
g15	594	2	1p17-33
g15	569	2	1p17-265
g15	686	2	1p17-11
g15	687	2	1p17-22
g15	92	2	3p17-72,1p17-136
g15	2	93	2p17-40
g15	330	2	1p17-1214
g15	688	2	1p17-22
g15	2	346	2p17-4
g15	532	2	1p17-3
g15	238	2	1p17-11
g15	525	2	1p17-31
g15	207	2	1p17-11
g15	22	2	1p17-2
g15	346	2	1p17-43
g15	174	2	1p17-4
g15	160	2	1p17-11
g15	689	2	1p17-1
g15	609	2	1p17-4
g15	690	2	1p17-40
g15	234	2	1p17-2
g15	284	2	1p17-227
g15	366	2	1p17-2
g15	691	2	1p17-3
g15	17	2	3p17-644
g15	158	2	1p17-20
g15	692	2	1p17-8
g15	229	2	1p17-6
g15	2	11	2p17-3184
g15	693	2	1p17-1
g15	694	2	1p17-1
g15	266	2	1p17-30
g15	499	2	1p17-2407
g15	695	2	1p17-17
g15	696	2	1p17-4
g15	697	2	1p17-8
g15	290	2	1p17-12
g15	395	2	1p17-34
g15	93	2	3p17-39
g15	387	2	1p17-1033
g15	698	2	1p17-1
g15	90	2	1p17-36
g15	384	2	3p17-2
g15	285	2	3p17-264,1p17-596
g15	699	2	1p17-2
g15	260	2	1p17-18
g15	700	2	1p17-1
g15	2	374	2p17-584
g15	701	2	1p17-12
g15	702	2	1p17-1
g15	219	2	1p17-4
g15	211	2	1p17-23179
g15	703	2	1p17-1
g15	583	2	1p17-37
g15	704	2	1p17-36
g15	379	2	1p17-15
g15	705	2	1p17-1
g15	287	2	1p17-20
g15	173	2	1p17-126
g15	706	2	1p17-11
g15	479	2	1p17-21
g15	37	2	3p17-314
g15	115	2	1p17-3
g15	304	2	1p17-40
g15	247	2	1p17-16
g15	365	2	1p17-1984
g15	235	2	7p17-3455
g15	707	2	1p17-1
g15	2	427	2p17-722
g15	708	2	1p17-1
g15	709	2	1p17-4
g15	626	2	3p17-64356,1p17-3456
g15	270	2	3p17-24
g15	24	2	1p17-4
g15	710	2	1p17-2
g15	711	2	1p17-36
g15	712	2	1p17-2
g15	713	2	1p17-1
g15	714	2	1p17-1
g15	26	2	1p17-173
g15	715	2	1p17-2
g15	716	2	1p17-2
g15	717	2	1p17-1
g15	718	2	1p17-1
g15	388	2	1p17-3
g15	719	2	1p17-1
g15	2	448	2p17-24
g15	2	367	2p17-5336
g15	720	2	1p17-11
g15	721	2	1p17-1
g15	2	255	2p17-186
g15	722	2	1p17-3
g15	627	2	1p17-11
g15	604	2	1p17-1
g15	301	2	1p17-132
g15	723	2	1p17-1
g15	2	25	2p17-1156
g15	2	268	2p17-512
g15	100	2	1p17-2
g15	2	466	4p17-6
g15	33	2	9p17-12225
g15	118	2	1p17-250
g15	516	2	1p17-718
g15	724	2	1p17-1
g15	105	2	3p17-269,1p17-524
g15	725	2	1p17-1
g15	77	2	1p17-12
g15	726	2	1p17-3
g15	66	2	1p17-4
g15	727	2	1p17-10
g15	7	2	1p17-15940
g15	587	2	1p17-11
g15	133	2	3p17-152
g15	728	2	1p17-1
g15	383	2	1p17-1
g15	2	141	2p17-762
g15	250	2	3p17-332,1p17-552
g15	729	2	1p17-38
g15	730	2	1p17-19
g15	731	2	1p17-3
g15	311	2	1p17-12
g15	732	2	1p17-1
g15	324	2	1p17-101
g15	733	2	1p17-4
g15	124	2	1p17-4
g15	734	2	1p17-8
g15	434	2	1p17-12
g15	98	2	1p17-12
g15	735	2	1p17-12
g15	188	2	1p17-535
g15	556	2	1p17-2
g15	439	2	1p17-1
g15	145	2	1p17-2
g15	391	2	1p17-12
g15	736	2	1p17-4
g15	2	187	2p17-1740
g15	507	2	1p17-410
g15	565	2	3p17-13
g15	286	2	1p17-18
g15	737	2	1p17-74
g15	461	2	1p17-133
g15	738	2	1p17-4
g15	739	2	1p17-1
g15	67	2	1p17-11
g15	269	2	3p17-63,1p17-128
g15	740	2	1p17-3
g15	533	2	1p17-412
g15	741	2	1p17-1
g15	742	2	1p17-23
g15	316	2	1p17-1
g15	326	2	1p17-32
g15	743	2	1p17-1
g15	744	2	1p17-1
g15	745	2	1p17-70
g15	2	214	1p6-359
g15	298	2	3p17-181,1p17-361
g15	2	20	2p17-1330
g15	108	2	3p17-222
g15	430	2	1p17-46
g15	746	2	1p17-12
g15	747	2	1p17-1
g15	199	2	3p17-387,1p17-734
g15	39	2	1p17-20
g15	11	2	3p17-153
g15	2	111	2p17-8
g15	748	2	1p17-28
g15	478	2	1p17-26
g15	345	2	1p17-12
g15	487	2	1p17-2
g15	557	2	1p17-1960
g15	373	2	3p17-157
g15	175	2	1p17-13
g15	406	2	1p17-10
g15	64	2	1p17-33
g15	2	574	11p17-139634
g15	749	2	1p17-1
g15	518	2	1p17-12
g15	2	143	2p17-196
g15	750	2	1p17-4
g15	751	2	1p17-1
g15	154	2	1p17-1
g15	51	2	1p17-511
g15	752	2	1p17-1
g15	753	2	1p17-11
g15	563	2	1p17-865
g15	397	2	1p17-2
g15	2	124	2p17-48
g15	601	2	3p17-781
g15	550	2	1p17-12
g15	754	2	1p17-4
g15	755	2	1p17-11
g15	139	2	1p17-10
g15	456	2	1p17-2296
g15	283	2	3p17-14
g15	756	2	1p17-2
g15	757	2	1p17-1
g15	758	2	1p17-3
g15	759	2	1p17-2
g15	210	2	1p17-4
g15	760	2	1p17-1
g15	607	2	1p17-249
g15	761	2	1p17-1
g15	762	2	1p17-1
g15	2	85	2p17-42
g15	763	2	1p17-1
g15	501	2	3p17-153
g15	342	2	1p17-30
g15	297	2	1p17-22
g15	396	2	1p17-518
g15	217	2	1p17-52
g15	611	412	6p17-5,8p17-3
g15	578	2	1p17-2
g15	764	2	1p17-2
g15	765	2	1p17-11
g15	766	2	1p17-8
g15	374	2	1p17-120
g15	767	2	1p17-24
g15	768	2	1p17-1
g15	132	2	1p17-1
g15	87	2	1p17-1248
g15	769	2	1p17-31
g15	770	2	3p17-4,1p17-6
g15	2	97	1p6-34
g15	370	2	1p17-10
g15	494	2	1p17-1936
g15	771	2	1p17-1
g15	772	2	1p17-3
g15	296	2	1p17-2
g15	2	222	2p17-4432
g15	773	2	1p17-1
g15	34	2	1p17-24
g15	774	2	1p17-1
g15	608	2	1p17-11
g15	2	272	2p17-368
g15	99	2	1p17-1
g15	200	2	1p17-2163
g15	441	2	1p17-188
g15	775	2	1p17-1
g15	776	2	1p17-12
g15	777	2	1p17-4
g15	2	108	2p17-5568
g15	44	2	3p17-707
g15	2	65	2p17-420
g15	778	2	1p17-2
g15	215	2	1p17-4
g15	2	29	2p17-1846
g15	180	2	1p17-24
g15	500	2	1p17-17
g15	380	2	1p17-120
g15	779	2	1p17-2
g15	780	2	1p17-1
g15	444	2	1p17-26635
g15	431	2	1p17-2276
g15	2	597	2p17-2534
g15	465	2	1p17-1
g15	408	2	1p17-2
g15	241	2	1p17-2364
g15	472	2	1p17-130
g15	473	2	1p17-110
g15	781	2	1p17-2
g15	364	2	1p17-37
g15	782	2	1p17-4
g15	251	2	1p17-40
g15	258	2	3p17-60
g15	783	2	1p17-11
g15	237	2	1p17-78
g15	2	540	2p17-294
g15	9	2	1p17-12
g15	417	2	1p17-4
g15	784	2	1p17-1
g15	2	182	2p17-704
g15	785	2	1p17-1
g15	618	2	1p17-1
g15	786	2	1p17-102
g15	787	2	1p17-1
g15	169	2	1p17-115
g15	2	169	2p17-1338
g15	189	2	1p17-66
g15	443	2	1p17-4
g15	2	385	2p17-844
g15	788	2	1p17-3
g15	564	2	3p17-742
g15	789	2	1p17-1
g15	418	2	1p17-40
g15	790	2	1p17-2
g15	2	538	4p17-6
g15	2	152	2p17-2760
g15	791	2	1p17-13
g15	28	2	1p17-1
g15	792	2	1p17-18
g15	528	2	1p17-183
g15	315	2	1p17-8
g15	101	2	3p17-289
g15	544	2	3p17-222,1p17-276
g15	793	2	1p17-6
g15	794	2	1p17-33
g15	13	2	3p17-92
g15	584	2	3p17-818
g15	795	2	1p17-2
g15	344	2	1p17-338
g15	796	2	1p17-4
g15	381	2	1p17-19
g15	32	2	1p17-146
g15	517	167	6p17-10
g15	69	2	1p17-10
g15	181	2	1p17-12
g15	797	2	1p17-3
g15	2	566	3p6-1165
g15	600	2	1p17-9
g15	2	233	2p17-110
g15	2	373	2p17-1656
g15	489	2	1p17-178
g15	2	390	2p17-64
g15	798	2	1p17-80
g15	799	2	1p17-1
g15	800	2	1p17-1
g15	801	2	1p17-1
g15	802	2	1p17-11
g15	803	2	1p17-22
g15	486	2	1p17-116
g15	306	2	1p17-49
g15	367	2	3p17-297
g15	455	2	1p17-2136
g15	86	2	1p17-64
g15	804	2	1p17-10
g15	549	2	1p17-292
g15	38	2	1p17-12
g15	445	2	1p17-16
g15	805	2	1p17-1
g15	2	405	3p6-194
g15	806	2	1p17-1
g15	807	2	1p17-11
g15	429	2	1p17-94
g15	321	2	1p17-1216
g15	61	2	1p17-4
g15	808	2	1p17-13
g15	245	2	3p17-12
g15	617	2	1p17-41525
g15	809	2	1p17-4
g15	184	2	1p17-33
g15	458	2	1p17-448
g15	561	2	1p17-12
g15	171	2	1p17-4
g15	810	2	1p17-7
g15	519	2	1p17-11
g15	2	537	2p17-5018
g15	421	2	4p6-40
g15	2	622	2p17-310
g15	520	2	1p17-2
g15	194	2	1p17-56
g15	504	2	1p17-34
g15	18	2	1p17-31
g15	811	2	1p17-1
g15	12	2	1p17-45
g15	571	2	1p17-4
g15	497	2	1p17-24
g15	422	2	1p17-1
g15	812	2	1p17-9
g15	288	2	1p17-129
g15	2	275	1p6-26
g15	110	2	1p17-2
g15	813	2	1p17-36
g15	814	2	1p17-22
g15	2	12	2p17-254
g15	572	2	1p17-2
g15	815	2	1p17-1
g15	163	2	1p17-480
g15	354	2	1p17-60
g15	816	2	1p17-6
g15	2	84	2p17-850
g15	817	2	1p17-4
g15	50	2	1p17-11
g15	127	2	5p17-15321
g15	341	2	1p17-55
g15	521	2	3p17-2,1p17-11
g15	74	2	1p17-2279
g15	818	2	1p17-8
g15	294	2	1p17-11
g15	819	2	1p17-2
g15	2	258	2p17-168
g15	2	138	2p17-5026
g15	820	2	1p17-2
g15	2	501	2p17-2232
g15	460	2	1p17-38
g15	821	2	1p17-12
g15	60	2	1p17-47
g15	281	2	1p17-1
g15	822	2	1p17-1
g15	823	2	1p17-1
g15	394	2	1p17-26
g15	824	2	1p17-40
g15	450	2	1p17-16
g15	825	2	1p17-1
g15	826	2	1p17-8
g15	827	2	1p17-2
g15	2	105	2p17-28
g15	828	2	1p17-11
g15	2	70	2p17-4128
g15	221	2	1p17-1
g15	829	2	1p17-1
g15	2	91	2p17-2592
g15	830	2	1p17-1
g15	831	2	3p17-1,1p17-12
g15	329	2	3p17-92
g15	191	2	1p17-3
g15	452	2	1p17-4
g15	832	2	1p17-1
g15	223	2	3p17-58
g15	2	293	2p17-114
g15	576	2	1p17-1
g15	616	2	3p17-832
g15	135	2	1p17-597
g15	2	33	2p17-1170
g15	121	2	3p17-520
g15	53	2	3p17-58
g15	833	2	1p17-11
g15	2	474	2p17-256
g15	834	2	1p17-1
g15	835	2	1p17-33
g15	836	2	1p17-87
g15	510	2	1p17-1
g15	382	2	1p17-49
g15	91	2	3p17-180
g15	837	2	1p17-1
g15	838	2	1p17-1
g15	2	493	2p17-1654
g15	2	6	2p17-432
g15	152	2	3p17-154
g15	89	2	1p17-68
g15	202	2	1p17-250
g15	530	2	3p17-52
g15	352	2	1p17-11
g15	839	2	1p17-33
g15	333	2	3p17-56,1p17-115
g15	78	2	1p17-4
g15	606	2	1p17-49
g15	2	140	2p17-8160
g15	840	2	1p17-12
g15	602	2	1p17-2176
g15	841	2	1p17-1
g15	15	2	1p17-11
g15	842	2	1p17-13
g15	843	2	1p17-1
g15	844	2	1p17-1
g15	389	2	1p17-1
g15	845	2	1p17-1
g15	485	2	1p17-1
g15	482	2	1p17-18
g15	846	2	1p17-13
g15	2	526	2p17-558
g15	847	2	1p17-1
g15	254	2	1p17-34
g15	2	177	2p17-3288
g15	848	2	1p17-10
g15	849	2	1p17-1
g15	426	2	1p17-22
g15	488	2	1p17-1984
g15	603	2	1p17-2
g15	850	2	1p17-3
g15	851	2	1p17-36
g15	621	2	1p17-2702
g15	295	2	1p17-139
g15	852	2	1p17-1
g15	2	119	2p17-5294
g15	107	2	1p17-6
g15	6	2	1p17-119
g15	853	2	1p17-3
g15	854	2	1p17-1
g15	314	2	1p17-34
g15	447	2	3p17-10
g15	484	2	3p17-52,1p17-108
g15	2	92	2p17-616
g15	2	271	2p6-600
g15	855	2	1p17-1
g15	2	205	2p17-450
g15	377	2	3p17-30352,1p17-215
g15	856	2	1p17-1
g15	322	2	1p17-12
g15	857	2	1p17-14
g15	467	2	1p17-35
g15	2	148	2p17-856
g15	2	284	2p17-892
g15	81	2	1p17-562
g15	858	2	1p17-2
g15	523	2	1p17-1950
g15	573	2	1p17-40
g15	338	2	1p17-2
g15	307	2	1p17-118
g15	2	380	2p17-1650
g15	142	2	1p17-2
g15	483	2	1p17-20
g15	859	2	1p17-1
g15	220	2	1p17-10
g15	289	2	1p17-2
g15	2	199	2p17-264
g15	197	2	1p17-2024
g15	860	2	4p6-13
g15	148	2	1p17-224
g15	861	2	1p17-22
g15	862	2	3p17-1
g15	337	2	1p17-569
g15	2	13	2p17-1056
g15	863	2	1p17-77
g15	628	2	1p17-1
g15	864	2	1p17-36
g15	177	2	1p17-16
g15	226	2	1p17-11
g15	103	2	3p17-22
g15	865	2	1p17-14
g15	122	2	1p17-1
g15	70	2	3p17-327
g15	236	2	3p17-774
g15	866	2	1p17-1
g15	867	2	1p17-1
g15	868	2	1p17-26
g15	2	446	2p17-224
g15	869	2	1p17-3
g15	570	2	1p17-2
g15	870	2	1p17-1
g15	2	103	2p17-24
g15	2	496	2p17-8
g15	331	2	3p17-6
g15	871	2	1p17-4
g15	872	2	1p17-1
g15	873	2	1p17-1
g15	874	2	1p17-3
g15	146	2	1p17-126
g15	448	2	3p17-7,1p17-64
g15	875	2	1p17-18
g15	2	79	2p17-520
g15	68	2	1p17-109
g15	876	2	1p17-77
g15	414	2	1p17-11
g15	3	2	1p17-10
g15	300	2	1p17-140
g15	2	147	2p17-824
g15	29	2	1p17-120
g15	2	216	2p17-664
g15	595	2	1p17-12
g15	877	2	1p17-4
g15	336	2	1p17-18
g15	63	2	3p17-15
g15	2	57	2p17-552
g15	2	345	2p17-132
g15	878	2	1p17-11
g15	879	2	1p17-1
g15	880	2	1p17-28
g15	59	2	1p17-24
g15	2	505	2p17-4
g15	164	2	1p17-907
g15	2	309	2p17-1296
g15	280	2	1p17-26
g15	49	2	1p17-6
g15	165	2	3p17-534
g15	358	2	1p17-10
g15	190	2	1p17-376
g15	347	2	1p17-11
g15	5	2	1p17-72
g15	2	881	5p6-41
g15	454	2	1p17-8
g15	104	2	1p17-36
g15	882	2	1p17-2
g15	83	2	1p17-20
g15	2	37	2p17-3008
g15	883	2	1p17-1
g15	403	2	1p17-46
g15	340	2	1p17-1
g15	43	2	1p17-34
g15	884	2	1p17-1
g15	2	194	2p17-878
g15	885	2	1p17-1
g15	131	2	1p17-9
g15	2	168	2p17-152
g15	886	2	1p17-1
g15	2	153	2p17-3064
g15	624	2	1p17-3
g15	887	2	1p17-1
g15	2	329	2p17-1352
g15	888	2	1p17-1
g15	319	2	1p17-11
g15	2	295	2p17-2412
g15	889	2	1p17-11
g15	2	76	4p17-6
g15	890	2	1p17-1
g15	203	2	1p17-34
g15	272	2	3p17-15
g15	891	2	1p17-35
g15	531	2	1p17-1
g15	892	2	1p17-4
g15	2	565	2p17-184
g15	2	288	2p17-966
g15	2	250	2p17-3992
g15	2	165	2p17-9368
g15	119	2	1p17-12
g15	893	2	1p17-1
g15	47	2	1p17-3
g15	894	2	1p17-22
g15	268	2	3p17-69
g15	350	2	3p17-519,1p17-1082
g15	2	223	2p17-368
g15	48	2	1p17-4
g15	308	2	3p17-3,1p17-8
g15	232	2	1p17-130
g15	411	412	8p17-3
g15	20	2	1p17-56
g15	2	571	2p17-176
g15	2	442	2p17-9488
g15	312	2	1p17-3
g15	2	486	2p17-824
g15	630	2	1p17-1
g15	895	2	1p17-16
g15	2	121	2p17-10760
g15	508	2	1p17-12
g15	398	2	1p17-81
g15	328	2	3p17-806
g15	896	2	1p17-4
g15	2	170	2p17-980
g15	897	2	1p17-1
g15	898	2	1p17-9
g15	469	2	1p17-204
g15	596	2	1p17-110
g15	554	2	3p17-78,1p17-162
g15	562	2	1p17-54
g15	513	2	1p17-1
g15	605	2	1p17-18
g15	393	2	1p17-102
g15	899	2	1p17-1
g15	2	253	2p17-4
g15	511	2	1p17-1
g15	529	2	1p17-1
g15	900	2	1p17-11
g15	2	530	2p17-192
g15	901	2	3p17-1,1p17-11
g15	332	2	1p17-1
g15	902	2	1p17-3
g15	640	2	1p17-1
g15	281	2	1p17-1
g15	515	2	1p17-69
g15	2	472	2p17-1024
g15	2	253	2p17-4
g15	903	2	1p17-2
g15	127	2	5p17-20121
g15	2	505	2p17-4
g15	904	2	1p17-956
g15	905	2	1p17-10
g15	100	2	1p17-10
g15	906	2	1p17-1
g15	907	2	1p17-1
g15	908	2	1p17-8
g15	888	2	1p17-34
g15	788	2	1p17-3
g15	909	2	1p17-1
g15	2	168	2p17-152
g15	231	2	1p17-16
g15	674	2	1p17-1
g15	910	2	1p17-1
g15	911	2	1p17-17
g15	912	2	1p17-3
g15	805	2	1p17-4
g15	823	2	1p17-1
g15	337	2	1p17-564
g15	83	2	1p17-14
g15	913	2	1p17-5
g15	895	2	1p17-1
g15	9	2	1p17-12
g15	605	2	1p17-12
g15	410	2	3p17-6
g15	914	2	1p17-1
g15	120	2	1p17-2
g15	915	2	1p17-1
g15	916	2	1p17-1
g15	511	2	1p17-1
g15	917	2	1p17-1
g15	2	831	2p17-16
g15	778	2	1p17-2
g15	690	2	1p17-11
g15	660	2	1p17-11
g15	611	412	6p17-5,8p17-3
g15	11	2	3p17-154
g15	469	2	1p17-109
g15	517	167	6p17-10
g15	918	2	1p17-1
g15	2	141	2p17-826
g15	139	2	1p17-4
g15	884	2	1p17-4
g15	37	2	3p17-324
g15	481	2	1p17-2
g15	429	2	1p17-160
g15	350	2	3p17-549,1p17-1155
g15	919	2	1p17-1
g15	333	2	3p17-66,1p17-134
g15	103	2	3p17-17
g15	737	2	1p17-1
g15	2	271	2p6-543
g15	380	2	1p17-119
g15	786	2	1p17-204
g15	2	12	2p17-278
g15	184	2	1p17-2
g15	767	2	1p17-21
g15	158	2	1p17-8
g15	141	2	1p17-9
g15	920	2	1p17-1
g15	50	2	1p17-36
g15	921	2	1p17-1
g15	596	2	1p17-39
g15	328	2	3p17-918
g15	922	2	1p17-1
g15	58	2	1p17-2
g15	923	2	1p17-20
g15	924	2	1p17-1
g15	871	2	1p17-1
g15	925	2	1p17-1
g15	232	2	1p17-74
g15	926	2	1p17-8
g15	927	2	1p17-1
g15	388	2	1p17-3
g15	327	2	1p17-1
g15	928	2	1p17-12
g15	929	2	1p17-1
g15	930	2	1p17-1
g15	2	121	2p17-8938
g15	931	2	1p17-3
g15	498	2	1p17-1
g15	251	2	1p17-40
g15	2	111	2p17-16
g15	382	2	1p17-54
g15	932	2	1p17-1
g15	696	2	1p17-1
g15	933	2	1p17-2
g15	934	2	1p17-34
g15	935	2	1p17-3
g15	936	2	1p17-1
g15	3	2	1p17-32
g15	937	2	1p17-67
g15	203	2	1p17-35
g15	2	48	2p17-4
g15	282	2	1p17-564
g15	2	222	2p17-2920
g15	938	2	1p17-8
g15	2	177	2p17-3286
g15	939	2	1p17-1
g15	940	2	1p17-1
g15	77	2	1p17-12
g15	249	2	1p17-8
g15	49	2	1p17-282
g15	941	2	1p17-22
g15	942	2	1p17-1
g15	471	2	1p17-1
g15	597	2	1p17-180
g15	630	2	1p17-2
g15	177	2	1p17-18
g15	943	2	1p17-13
g15	944	2	1p17-9
g15	945	2	1p17-22
g15	946	2	1p17-2
g15	110	2	1p17-4
g15	32	2	1p17-104
g15	339	2	1p17-36
g15	285	2	3p17-261,1p17-589
g15	947	2	1p17-4
g15	440	2	1p17-27
g15	831	2	3p17-3,1p17-26
g15	206	2	1p17-1
g15	848	2	1p17-11
g15	496	2	3p17-35,1p17-72
g15	308	2	3p17-2,1p17-8
g15	948	2	1p17-2
g15	208	2	1p17-119
g15	364	2	1p17-12
g15	2	501	2p17-2808
g15	949	2	1p17-1
g15	2	91	2p17-3032
g15	370	2	1p17-11
g15	950	2	1p17-2
g15	93	2	3p17-50
g15	324	2	1p17-89
g15	951	2	1p17-1
g15	952	2	1p17-10
g15	631	2	1p17-1
g15	953	2	1p17-1
g15	954	2	1p17-1
g15	2	187	2p17-1902
g15	599	2	1p17-2
g15	955	2	1p17-28
g15	956	2	1p17-55
g15	2	510	2p17-1354
g15	352	2	1p17-11
g15	957	2	1p17-10
g15	72	2	1p17-1
g15	73	2	1p17-37
g15	532	2	1p17-4
g15	29	2	1p17-118
g15	958	2	1p17-1
g15	959	2	1p17-11
g15	353	2	1p17-44
g15	960	2	1p17-1
g15	2	881	5p6-21
g15	290	2	1p17-11
g15	197	2	1p17-1952
g15	443	2	1p17-8
g15	961	2	1p17-11
g15	962	2	1p17-1
g15	396	2	1p17-526
g15	421	2	4p6-40
g15	2	20	2p17-1516
g15	963	2	1p17-11
g15	445	2	1p17-26
g15	111	2	3p17-17,1p17-1047
g15	964	2	1p17-6
g15	774	2	1p17-1
g15	965	2	1p17-2
g15	98	2	1p17-2
g15	2	13	2p17-1280
g15	2	216	2p17-1608
g15	2	85	2p17-42
g15	2	390	2p17-64
g15	342	2	1p17-2
g15	2	571	2p17-176
g15	858	2	1p17-2
g15	480	2	1p17-2
g15	966	2	1p17-36
g15	967	2	1p17-1
g15	968	2	1p17-9
g15	423	2	1p17-66
g15	711	2	1p17-36
g15	969	2	1p17-1
g15	403	2	1p17-34
g15	792	2	1p17-26
g15	442	2	3p17-555
g15	154	2	1p17-1
g15	2	307	2p17-2092
g15	336	2	1p17-6
g15	970	2	1p17-1
g15	971	2	1p17-1
g15	811	2	1p17-4
g15	972	2	1p17-184
g15	2	84	2p17-850
g15	499	2	1p17-2473
g15	2	108	2p17-3248
g15	973	2	1p17-1
g15	974	2	1p17-11
g15	975	2	1p17-2
g15	70	2	3p17-337
g15	227	2	1p17-4
g15	976	2	1p17-34
g15	422	2	1p17-1
g15	287	2	1p17-68
g15	2	165	2p17-5800
g15	2	551	2p17-312
g15	241	2	1p17-2406
g15	617	2	1p17-42791
g15	706	2	1p17-1
g15	977	2	1p17-11
g15	211	2	1p17-31746
g15	978	2	1p17-1
g15	2	612	2p17-2488
g15	979	2	1p17-1
g15	980	2	1p17-1
g15	2	11	2p17-552
g15	828	2	1p17-1
g15	347	2	1p17-12
g15	400	2	1p17-25
g15	454	2	1p17-2
g15	2	367	2p17-4288
g15	297	2	1p17-39
g15	882	2	1p17-1
g15	981	2	1p17-34
g15	982	2	1p17-1
g15	361	2	1p17-1920
g15	983	2	1p17-10
g15	984	2	1p17-4
g15	985	2	1p17-4
g15	776	2	1p17-2
g15	654	2	1p17-37
g15	368	2	1p17-10
g15	369	2	1p17-2
g15	986	2	1p17-1
g15	987	2	1p17-1
g15	988	2	1p17-1
g15	238	2	1p17-12
g15	989	2	1p17-2
g15	580	2	1p17-12
g15	174	2	1p17-6
g15	484	2	3p17-54,1p17-104
g15	250	2	3p17-327,1p17-552
g15	2	92	2p17-664
g15	491	2	1p17-1
g15	990	2	1p17-3
g15	991	2	1p17-1
g15	753	2	1p17-1
g15	94	2	1p17-1
g15	600	2	1p17-6
g15	992	2	1p17-2
g15	284	2	1p17-217
g15	813	2	1p17-108
g15	993	2	1p17-11
g15	554	2	3p17-86,1p17-336
g15	732	2	1p17-2
g15	376	2	1p17-2
g15	2	6	2p17-440
g15	994	2	1p17-1
g15	2	223	2p17-722
g15	152	2	3p17-153
g15	2	270	2p17-272
g15	995	2	1p17-82
g15	996	2	1p17-1
g15	997	2	1p17-1
g15	51	2	1p17-514
g15	556	2	1p17-3
g15	274	2	1p17-2
g15	430	2	1p17-44
g15	683	2	1p17-1
g15	998	2	1p17-1
g15	999	2	1p17-1
g15	259	2	1p17-1
g15	1000	2	1p17-1
g15	319	2	1p17-1
g15	1001	2	3p17-2
g15	2	239	2p17-1374
g15	288	2	1p17-132
g15	2	268	2p17-224
g15	1002	2	1p17-1
g15	142	2	1p17-1
g15	1003	2	1p17-1
g15	334	2	1p17-11
g15	1004	2	1p17-1
g15	661	2	1p17-34
g15	2	208	2p17-606
g15	82	2	1p17-1
g15	1005	2	1p17-1
g15	270	2	3p17-24
g15	2	79	2p17-560
g15	280	2	1p17-30
g15	507	2	1p17-422
g15	497	2	1p17-1
g15	1006	2	1p17-3
g15	1007	2	1p17-1
g15	533	2	1p17-402
g15	1008	2	1p17-8
g15	820	2	1p17-2
g15	900	2	1p17-9
g15	66	2	1p17-26
g15	1009	2	1p17-1
g15	2	398	2p17-6592
g15	132	2	1p17-17
g15	2	295	2p17-2420
g15	1010	2	1p17-25
g15	1011	2	1p17-1
g15	1012	2	1p17-1
g15	1013	2	1p17-1
g15	1014	2	1p17-1
g15	2	140	2p17-6504
g15	1015	2	1p17-2
g15	1016	2	1p17-4
g15	53	2	3p17-70
g15	560	2	1p17-3
g15	1017	2	1p17-44
g15	39	2	1p17-30
g15	1018	2	1p17-68
g15	1019	2	1p17-3
g15	648	2	1p17-25
g15	1020	2	1p17-41
g15	1021	2	1p17-1
g15	842	2	1p17-1
g15	28	2	1p17-3
g15	2	250	2p17-5728
g15	1022	2	1p17-3
g15	1023	2	1p17-1
g15	656	2	1p17-54
g15	2	284	2p17-988
g15	570	2	1p17-1
g15	1024	2	1p17-1
g15	237	2	1p17-11
g15	125	2	3p17-9
g15	2	29	2p17-1860
g15	1025	2	1p17-22
g15	2	33	2p17-1204
g15	624	2	1p17-1
g15	1026	2	1p17-1
g15	1027	2	1p17-1
g15	428	2	1p17-2
g15	268	2	3p17-80
g15	584	2	3p17-915
g15	1028	2	3p17-1,1p17-2
g15	589	2	1p17-5
g15	258	2	3p17-60
g15	878	2	1p17-47
g15	501	2	3p17-157
g15	1029	2	1p17-1
g15	1030	2	1p17-4
g15	1031	2	1p17-1
g15	1032	2	1p17-1
g15	312	2	1p17-3
g15	108	2	3p17-222
g15	542	2	1p17-8
g15	118	2	1p17-249
g15	578	2	1p17-2
g15	810	2	1p17-1
g15	389	2	1p17-2
g15	1033	2	1p17-2
g15	1034	2	1p17-1
g15	1035	2	1p17-2
g15	1036	2	1p17-1
g15	59	2	1p17-4
g15	402	2	1p17-68
g15	338	2	1p17-5
g15	518	2	1p17-12
g15	128	2	1p17-3
g15	1037	2	1p17-109
g15	163	2	1p17-2238
g15	850	2	1p17-3
g15	506	2	1p17-564
g15	223	2	3p17-69,1p17-9
g15	446	2	1p17-71
g15	2	293	2p17-114
g15	307	2	1p17-117
g15	1038	2	1p17-1
g15	588	2	1p17-33
g15	303	2	1p17-85
g15	633	2	1p17-5
g15	667	2	1p17-1
g15	866	2	1p17-1
g15	215	2	1p17-6
g15	2	574	11p17-135676
g15	1039	2	1p17-1
g15	1040	2	1p17-44
g15	1041	2	1p17-1
g15	1042	2	1p17-34
g15	2	493	2p17-1659
g15	2	486	2p17-894
g15	1043	2	1p17-1
g15	217	2	1p17-34
g15	474	2	3p17-50,1p17-1580
g15	1044	2	1p17-1
g15	663	2	1p17-1
g15	1045	2	1p17-10
g15	2	385	2p17-844
g15	629	2	1p17-1538
g15	738	2	1p17-2
g15	6	2	1p17-120
g15	441	2	1p17-136
g15	495	2	1p17-17
g15	372	2	1p17-1
g15	764	2	1p17-1
g15	2	119	2p17-5356
g15	736	2	1p17-38
g15	87	2	1p17-1157
g15	1046	2	1p17-11
g15	1047	2	1p17-11
g15	2	288	2p17-1024
g15	1048	2	1p17-2
g15	527	2	1p17-1724
g15	348	2	1p17-8
g15	92	2	3p17-72,1p17-140
g15	458	2	1p17-448
g15	1049	2	1p17-1
g15	1050	2	1p17-35
g15	2	169	2p17-1398
g15	1051	2	1p17-1
g15	2	133	2p17-3184
g15	349	2	1p17-2
g15	2	447	2p17-184
g15	1052	2	1p17-1
g15	1053	2	1p17-1
g15	621	2	1p17-4335
g15	595	2	1p17-12
g15	345	2	1p17-4
g15	236	2	3p17-886
g15	1054	2	1p17-11
g15	1055	2	1p17-1
g15	525	2	1p17-48
g15	1056	2	1p17-1
g15	413	2	1p17-44
g15	398	2	1p17-40
g15	1057	2	1p17-12
g15	455	2	1p17-2424
g15	490	2	1p17-17
g15	2	182	2p17-822
g15	2	194	2p17-886
g15	1058	2	1p17-1
g15	662	2	1p17-4
g15	1059	2	1p17-1
g15	26	2	1p17-86
g15	2	95	2p17-1096
g15	669	2	1p17-6
g15	2	325	2p17-884
g15	1060	2	1p17-3
g15	2	537	2p17-5018
g15	1061	2	1p17-12
g15	17	2	3p17-723
g15	2	309	2p17-1512
g15	12	2	1p17-6
g15	1062	2	1p17-1
g15	414	2	1p17-2
g15	1063	2	1p17-34
g15	220	2	1p17-12
g15	1064	2	1p17-12
g15	1065	2	1p17-4
g15	43	2	1p17-26
g15	559	2	1p17-11
g15	1066	2	1p17-1
g15	2	65	2p17-420
g15	222	2	3p17-153
g15	246	2	1p17-13
g15	415	2	1p17-3
g15	1067	2	1p17-1
g15	1068	2	1p17-5
g15	876	2	1p17-73
g15	819	2	1p17-74
g15	1069	2	1p17-1
g15	694	2	1p17-1
g15	300	2	1p17-157
g15	1070	2	1p17-10
g15	840	2	1p17-32
g15	2	70	2p17-6296
g15	1071	2	1p17-1
g15	646	2	1p17-55
g15	2	329	2p17-488
g15	13	2	3p17-103
g15	1072	2	1p17-10
g15	2	530	2p17-224
g15	377	2	3p17-45336,1p17-358
g15	38	2	1p17-12
g15	818	2	1p17-8
g15	1073	2	1p17-1
g15	242	2	1p17-3
g15	1074	2	1p17-1
g15	686	2	1p17-23
g15	383	2	1p17-1
g15	1075	2	1p17-1
g15	1076	2	1p17-32
g15	195	2	1p17-2
g15	145	2	1p17-7
g15	1077	2	1p17-11
g15	815	2	1p17-2
g15	1078	2	1p17-1
g15	524	2	1p17-134
g15	351	2	1p17-36
g15	1079	2	1p17-2
g15	1080	2	1p17-10
g15	530	2	3p17-52
g15	839	2	1p17-6
g15	1081	2	1p17-1
g15	766	2	1p17-8
g15	194	2	1p17-56
g15	592	2	1p17-2052
g15	2	214	1p6-359
g15	1082	2	1p17-2
g15	740	2	1p17-1
g15	477	2	1p17-4
g15	2	138	2p17-5142
g15	2	405	3p6-158
g15	1083	2	1p17-3
g15	607	2	1p17-320
g15	1084	2	1p17-2
g15	2	170	2p17-980
g15	2	346	2p17-4
g15	1085	2	1p17-2
g15	321	2	1p17-1194
g15	165	2	3p17-512
g15	153	2	3p17-175
g15	1086	2	1p17-1
g15	295	2	1p17-137
g15	1087	2	1p17-1
g15	196	2	3p17-1,1p17-2
g15	1088	2	1p17-1
g15	2	147	2p17-1704
g15	531	2	1p17-3
g15	292	2	1p17-8
g15	2	76	4p17-6
g15	358	2	1p17-4
g15	1089	2	1p17-2
g15	1090	2	1p17-1
g15	742	2	1p17-1
g15	373	2	3p17-158
g15	625	2	1p17-3
g15	52	2	1p17-1
g15	176	2	1p17-1216
g15	602	2	1p17-2296
g15	535	2	1p17-1867
g15	1091	2	1p17-10
g15	898	2	1p17-4
g15	2	446	2p17-230
g15	765	2	1p17-12
g15	2	199	2p17-240
g15	1092	2	1p17-11
g15	1093	2	1p17-1
g15	1094	2	1p17-1
g15	616	2	3p17-966,1p17-4
g15	1095	2	3p17-6,1p17-8
g15	106	2	1p17-564
g15	780	2	1p17-56
g15	465	2	1p17-16
g15	343	2	3p17-769
g15	1096	2	1p17-34
g15	2	544	2p17-2696
g15	189	2	1p17-8
g15	346	2	1p17-44
g15	1097	2	1p17-1
g15	63	2	3p17-9
g15	473	2	1p17-11
g15	1098	2	1p17-1
g15	1099	2	1p17-4
g15	1100	2	1p17-1
g15	166	167	6p17-10
g15	528	2	1p17-104
g15	1101	2	1p17-3
g15	558	2	1p17-12
g15	1102	2	1p17-1
g15	494	2	1p17-1137
g15	2	283	2p17-920
g15	1103	2	1p17-3
g15	329	2	3p17-97
g15	2	622	2p17-310
g15	90	2	1p17-12
g15	401	2	1p17-1
g15	1104	2	1p17-1
g15	1105	2	1p17-24
g15	2	272	2p17-184
g15	1106	2	1p17-33
g15	2	374	2p17-586
g15	2	466	4p17-8
g15	770	2	3p17-4,1p17-6
g15	1107	2	1p17-1
g15	71	2	1p17-8
g15	418	2	1p17-46
g15	863	2	1p17-1
g15	140	2	3p17-527
g15	344	2	1p17-402
g15	426	2	1p17-10
g15	557	2	1p17-1872
g15	1108	2	1p17-22
g15	160	2	1p17-12
g15	181	2	1p17-11
g15	534	2	1p17-176
g15	2	205	2p17-450
g15	460	2	1p17-28
g15	619	2	1p17-102
g15	2	124	2p17-48
g15	573	2	1p17-40
g15	148	2	1p17-214
g15	444	2	1p17-20924
g15	594	2	1p17-8
g15	488	2	1p17-1868
g15	182	2	1p17-58
g15	1109	2	1p17-5
g15	221	2	1p17-3
g15	204	2	1p17-1
g15	459	2	1p17-6
g15	2	496	2p17-80
g15	1110	2	1p17-2
g15	1111	2	1p17-1
g15	548	2	1p17-11
g15	1112	2	1p17-34
g15	1113	2	1p17-1
g15	1114	2	1p17-22
g15	2	442	2p17-8953
g15	1115	2	1p17-12
g15	582	2	1p17-5
g15	804	2	1p17-19
g15	1116	2	1p17-1
g15	33	2	9p17-15943
g15	1117	2	1p17-12
g15	1118	2	1p17-255
g15	1119	2	1p17-5
g15	266	2	1p17-28
g15	2	97	1p6-35
g15	419	2	1p17-1
g15	330	2	1p17-641
g15	2	152	2p17-976
g15	485	2	1p17-2
g15	1120	2	1p17-1
g15	1121	2	1p17-2
g15	431	2	1p17-2345
g15	746	2	1p17-22
g15	472	2	1p17-135
g15	448	2	3p17-3,1p17-34
g15	614	2	1p17-68
g15	15	2	1p17-12
g15	1122	2	1p17-1
g15	1123	2	1p17-37
g15	1124	2	1p17-2
g15	101	2	3p17-274
g15	1125	2	1p17-1
g15	1126	2	1p17-1
g15	1127	2	1p17-1
g15	463	2	1p17-16
g15	435	2	3p17-4,1p17-8
g15	1128	2	1p17-1
g15	2	103	2p17-24
g15	1129	2	1p17-2
g15	486	2	1p17-116
g15	2	474	2p17-210
g15	1130	2	1p17-1
g15	55	2	1p17-44
g15	1131	2	1p17-28
g15	1132	2	1p17-11
g15	57	2	3p17-77
g15	164	2	1p17-381
g15	1133	2	1p17-1
g15	1134	2	1p17-1
g15	2	25	2p17-1156
g15	2	37	2p17-3544
g15	309	2	3p17-166,1p17-72
g15	1135	2	1p17-1
g15	283	2	3p17-10
g15	18	2	1p17-21
g15	1136	2	1p17-11
g15	856	2	1p17-1
g15	550	2	1p17-12
g15	1137	2	1p17-8
g15	2	143	2p17-196
g15	1138	2	1p17-20
g15	91	2	3p17-179
g15	456	2	1p17-2304
g15	1139	2	1p17-18
g15	304	2	1p17-38
g15	1140	2	1p17-1
g15	545	2	1p17-1
g15	681	2	1p17-34
g15	298	2	3p17-69,1p17-140
g15	311	2	1p17-2
g15	563	2	1p17-871
g15	147	2	3p17-153
g15	2	620	4p6-295282
g15	1141	2	1p17-2
g15	1142	2	1p17-1
g15	610	2	1p17-5
g15	508	2	1p17-12
g15	417	2	1p17-2
g15	102	2	1p17-13
g15	2	153	2p17-2104
g15	1143	2	1p17-4
g15	814	2	1p17-69
g15	188	2	1p17-535
g15	1144	2	1p17-1
g15	187	2	1p17-56
g15	1145	2	1p17-21
g15	794	2	1p17-42
g15	133	2	3p17-154
g15	48	2	1p17-4
g15	638	2	1p17-9
g15	590	2	1p17-1
g15	2	258	2p17-64
g15	69	2	1p17-11
g15	1146	2	1p17-2
g15	162	2	1p17-2
g15	1147	2	1p17-1
g15	146	2	1p17-26
g15	1148	2	1p17-1
g15	482	2	1p17-16
g15	1149	2	1p17-5
g15	516	2	1p17-730
g15	1150	2	1p17-1
g15	104	2	1p17-38
g15	1151	2	1p17-1
g15	851	2	1p17-32
g15	1152	2	1p17-1
g15	2	352	2p17-6092
g15	68	2	1p17-95
g15	46	2	1p17-12
g15	119	2	1p17-12
g15	777	2	1p17-8
g15	519	2	1p17-12
g15	2	148	2p17-904
g15	1153	2	1p17-1
g15	16	2	1p17-2
g15	1154	2	1p17-1
g15	1155	2	1p17-1
g15	1156	2	1p17-9
g15	2	331	2p17-40
g15	551	2	3p17-7
g15	1157	2	1p17-8
g15	759	2	1p17-19
g15	84	2	9p17-38645
g15	2	101	2p17-4344
g15	112	2	1p17-12
g15	1158	2	1p17-36
g15	256	2	1p17-3
g15	269	2	3p17-66,1p17-133
g15	357	2	1p17-4
g15	867	2	1p17-1
g15	1159	2	1p17-1
g15	302	2	1p17-1
g15	1160	2	1p17-1
g15	500	2	1p17-16
g15	278	2	1p17-1
g15	747	2	1p17-2
g15	1161	2	1p17-33
g15	1162	2	1p17-24
g15	1163	2	1p17-1
g15	775	2	1p17-1
g15	235	2	7p17-6041
g15	1164	2	1p17-1
g15	844	2	1p17-1
g15	301	2	1p17-136
g15	1165	2	1p17-12
g15	81	2	1p17-514
g15	391	2	1p17-6
g15	2	540	2p17-306
g15	1166	2	1p17-2
g15	1167	2	1p17-9
g15	294	2	1p17-12
g15	36	2	3p17-157,1p17-140
g15	1168	2	1p17-2
g15	731	2	1p17-2
g15	564	2	3p17-846
g15	306	2	1p17-53
g15	565	2	3p17-11
g15	897	2	1p17-3
g15	1169	2	1p17-1
g15	1170	2	1p17-1
g15	41	2	1p17-11
g15	461	2	1p17-65
g15	374	2	1p17-117
g15	2	57	2p17-1248
g15	583	2	1p17-4
g15	105	2	3p17-267,1p17-507
g15	2	275	1p6-27
g15	323	2	1p17-37
g15	387	2	1p17-688
g15	797	2	1p17-16
g15	1171	2	1p17-11
g15	452	2	1p17-4
g15	54	2	1p17-120
g15	1172	2	1p17-2
g15	1173	2	1p17-1
g15	2	380	2p17-1734
g15	367	2	3p17-293
g15	576	2	1p17-34
g15	1174	2	1p17-4
g15	1175	2	1p17-1
g15	1176	2	1p17-4
g15	86	2	1p17-36
g15	1177	2	1p17-11
g15	123	2	1p17-8
g15	745	2	1p17-38
g15	1178	2	1p17-79
g15	1179	2	1p17-9
g15	677	2	1p17-2
g15	200	2	1p17-1816
g15	216	2	3p17-73
g15	1180	2	1p17-115
g15	835	2	1p17-22
g15	207	2	1p17-11
g15	2	538	4p17-6
g15	272	2	3p17-9
g15	795	2	1p17-1
g15	1181	2	1p17-2
g15	1182	2	1p17-1
g15	393	2	1p17-100
g15	549	2	1p17-292
g15	224	2	1p17-12
g15	467	2	1p17-35
g15	483	2	1p17-30
g15	326	2	1p17-38
g15	569	2	1p17-243
g15	254	2	1p17-1
g15	2	427	2p17-722
g15	406	2	1p17-18
g15	722	2	1p17-1
g15	802	2	1p17-11
g15	608	2	1p17-12
g15	523	2	1p17-1969
g15	1183	2	1p17-1
g15	263	2	1p17-11
g15	20	2	1p17-53
g15	399	2	1p17-2
g15	1184	2	1p17-4
g15	1185	2	1p17-1
g15	826	2	1p17-12
g15	229	2	1p17-6
g15	67	2	1p17-12
g15	568	2	10p17-6041
g15	1186	2	1p17-10
g15	135	2	1p17-631
g15	1187	2	1p17-1
g15	1188	2	1p17-1
g15	2	93	2p17-144
g15	627	2	1p17-11
g15	24	2	1p17-1
g15	1189	2	1p17-3
g15	169	2	1p17-117
g15	8	2	1p17-13
g15	1190	2	1p17-13
g15	199	2	3p17-612,1p17-1155
g15	424	2	1p17-1
g15	1191	2	1p17-11
g15	808	2	1p17-3
g15	190	2	1p17-1216
g15	44	2	3p17-818
g15	439	2	1p17-3
g15	1192	2	1p17-11
g15	626	2	3p17-85200,1p17-2462
g15	2	255	2p17-186
g15	64	2	1p17-19
g15	585	2	1p17-100
g15	286	2	1p17-1
g15	653	2	1p17-1
g15	109	2	1p17-14
g15	447	2	3p17-7
g15	544	2	3p17-232,1p17-276
g15	2	36	2p17-1104
g15	1193	2	1p17-4
g15	1194	2	1p17-1
g15	771	2	1p17-1
g15	1195	2	1p17-2
g15	5	2	1p17-72
g15	687	2	1p17-1
g15	1196	2	1p17-2
g15	156	2	1p17-547
g15	7	2	1p17-22107
g15	1197	2	1p17-4
g15	861	2	1p17-1
g15	1198	2	1p17-2
g15	173	2	1p17-118
g15	734	2	1p17-1
g15	809	2	1p17-7
g15	561	2	1p17-12
g15	1199	2	3p17-1,1p17-12
g15	2	566	3p6-204
g15	857	2	1p17-1
g15	659	2	1p17-12
g15	671	2	1p17-23
g15	606	2	1p17-24
g15	1200	2	1p17-1
g15	1201	2	1p17-15
g15	305	2	1p17-16
g15	1202	2	1p17-1
g15	816	2	1p17-2
g15	121	2	3p17-514
g15	193	2	1p17-2
g15	478	2	1p17-12
g15	1203	2	1p17-1
g15	1204	2	1p17-1
g15	806	2	1p17-1
g15	2	53	2p17-472
g15	1205	2	3p17-2,1p17-4
g15	1206	2	1p17-4
g15	331	2	3p17-4
g15	655	2	1p17-2
g15	2	345	2p17-132
g15	601	2	3p17-896
g15	796	2	1p17-4
g15	1207	2	1p17-1
g15	205	2	1p17-39
g15	1208	2	1p17-1
g15	245	2	3p17-8
g15	489	2	1p17-186
g15	587	2	1p17-12
g15	1209	2	1p17-1
g15	1210	2	1p17-91
g15	130	2	1p17-2
g15	289	2	1p17-12
g15	1211	2	1p17-33
g15	645	2	1p17-1
g15	1212	2	1p17-2
g15	572	2	1p17-2
g15	1213	2	1p17-11
g15	1214	2	1p17-34
g15	1215	2	1p17-2
g15	1216	2	1p17-4
g15	702	2	1p17-11
g15	1217	2	1p17-11
g15	1218	2	1p17-9
g15	1219	2	1p17-1
g15	1220	2	1p17-4
g15	2	526	2p17-554
g15	2	233	2p17-110
g15	411	412	8p17-3
g15	365	2	1p17-1980
g15	80	2	1p17-36
g15	2	373	2p17-2216
g15	2	597	2p17-2568
g15	1221	2	1p17-2
g15	1222	2	1p17-10
g15	332	2	1p17-9
g15	1223	2	1p17-36
g15	281	2	1p17-1
g15	515	2	1p17-36
g15	2	472	2p17-1000
g15	2	253	2p17-4
g15	127	2	5p17-19908
g15	1224	2	1p17-1
g15	1225	2	1p17-16
g15	2	505	2p17-4
g15	1226	2	1p17-1
g15	1227	2	1p17-1
g15	904	2	1p17-1852
g15	1228	2	1p17-1
g15	905	2	1p17-3
g15	100	2	1p17-6
g15	1229	2	1p17-34
g15	1230	2	1p17-1
g15	891	2	1p17-28
g15	1231	2	1p17-10
g15	2	168	2p17-152
g15	609	2	1p17-6
g15	231	2	1p17-11
g15	910	2	1p17-1
g15	805	2	1p17-6
g15	1232	2	1p17-1
g15	337	2	1p17-564
g15	1233	2	1p17-2
g15	562	2	1p17-10
g15	83	2	1p17-20
g15	889	2	1p17-22
g15	9	2	1p17-11
g15	605	2	1p17-36
g15	410	2	3p17-9,1p17-13
g15	754	2	1p17-4
g15	277	2	1p17-2
g15	409	2	1p17-4
g15	690	2	1p17-1
g15	611	412	6p17-5,8p17-3
g15	11	2	3p17-154
g15	404	2	1p17-1
g15	469	2	1p17-13
g15	517	167	6p17-10
g15	2	141	2p17-806
g15	139	2	1p17-12
g15	884	2	1p17-9
g15	37	2	3p17-314
g15	429	2	1p17-140
g15	350	2	3p17-493,1p17-1018
g15	1234	2	1p17-66
g15	333	2	3p17-66,1p17-132
g15	432	2	1p17-2
g15	225	2	1p17-1
g15	103	2	3p17-26,1p17-1
g15	737	2	1p17-32
g15	2	271	2p6-543
g15	380	2	1p17-119
g15	786	2	1p17-170
g15	2	12	2p17-274
g15	184	2	1p17-1
g15	1235	2	1p17-22
g15	767	2	1p17-2
g15	658	2	1p17-1
g15	735	2	1p17-6
g15	1236	2	1p17-34
g15	141	2	1p17-8
g15	1237	2	1p17-2
g15	920	2	1p17-1
g15	50	2	1p17-11
g15	596	2	1p17-113
g15	328	2	3p17-874
g15	1238	2	1p17-1
g15	34	2	1p17-14
g15	613	2	1p17-33
g15	1239	2	1p17-11
g15	1240	2	1p17-1
g15	871	2	1p17-1
g15	925	2	1p17-1
g15	232	2	1p17-126
g15	926	2	1p17-4
g15	927	2	1p17-11
g15	845	2	1p17-1
g15	327	2	1p17-1
g15	1241	2	1p17-1
g15	1242	2	1p17-1
g15	1243	2	1p17-1
g15	1244	2	1p17-24
g15	115	2	1p17-2
g15	2	121	2p17-9586
g15	79	2	1p17-6
g15	552	2	1p17-1
g15	1245	2	1p17-1
g15	251	2	1p17-40
g15	2	111	2p17-32
g15	382	2	1p17-68
g15	318	2	1p17-1
g15	1246	2	1p17-2
g15	750	2	1p17-8
g15	2	48	2p17-4
g15	282	2	1p17-568
g15	1247	2	1p17-4
g15	2	222	2p17-1288
g15	2	177	2p17-3288
g15	688	2	1p17-3
g15	77	2	1p17-11
g15	249	2	1p17-4
g15	49	2	1p17-218
g15	713	2	1p17-1
g15	1248	2	1p17-1
g15	471	2	1p17-1
g15	597	2	1p17-174
g15	630	2	1p17-1
g15	177	2	1p17-16
g15	110	2	1p17-14
g15	32	2	1p17-124
g15	339	2	1p17-5
g15	285	2	3p17-260,1p17-587
g15	539	2	1p17-1
g15	1249	2	1p17-36
g15	206	2	1p17-1
g15	1250	2	1p17-9
g15	1251	2	1p17-1
g15	496	2	3p17-28,1p17-72
g15	308	2	3p17-3,1p17-12
g15	208	2	1p17-117
g15	364	2	1p17-9
g15	1252	2	1p17-2
g15	2	501	2p17-1952
g15	949	2	1p17-67
g15	829	2	1p17-34
g15	2	91	2p17-1696
g15	370	2	1p17-19
g15	93	2	3p17-46
g15	1253	2	1p17-1
g15	324	2	1p17-90
g15	1254	2	1p17-36
g15	952	2	1p17-4
g15	1255	2	1p17-3
g15	684	2	1p17-1
g15	2	187	2p17-1834
g15	955	2	1p17-4
g15	56	2	1p17-4
g15	2	510	2p17-1354
g15	352	2	1p17-12
g15	1256	2	1p17-147
g15	1257	2	1p17-1
g15	394	2	1p17-4
g15	395	2	1p17-35
g15	1258	2	1p17-1
g15	228	2	1p17-4
g15	532	2	1p17-5
g15	29	2	1p17-120
g15	959	2	1p17-1
g15	353	2	1p17-27
g15	1259	2	1p17-1
g15	2	881	5p6-74
g15	290	2	1p17-12
g15	197	2	1p17-2008
g15	443	2	1p17-4
g15	961	2	1p17-36
g15	150	2	1p17-2
g15	396	2	1p17-527
g15	421	2	4p6-40
g15	2	20	2p17-1462
g15	445	2	1p17-10
g15	111	2	3p17-12,1p17-1019
g15	964	2	1p17-8
g15	894	2	1p17-16
g15	98	2	1p17-40
g15	1260	2	1p17-34
g15	2	13	2p17-1680
g15	61	2	1p17-1
g15	2	216	2p17-328
g15	1261	2	1p17-2
g15	2	85	2p17-42
g15	2	390	2p17-64
g15	342	2	1p17-4
g15	2	571	2p17-176
g15	636	2	1p17-1
g15	423	2	1p17-20
g15	403	2	1p17-26
g15	741	2	1p17-1
g15	792	2	1p17-18
g15	442	2	3p17-546
g15	154	2	1p17-12
g15	2	307	2p17-2042
g15	336	2	1p17-14
g15	880	2	1p17-1
g15	1262	2	1p17-1
g15	811	2	1p17-25
g15	972	2	1p17-215
g15	1263	2	1p17-2
g15	2	84	2p17-850
g15	180	2	1p17-28
g15	1264	2	1p17-33
g15	719	2	1p17-2
g15	252	2	1p17-11
g15	499	2	1p17-2505
g15	2	108	2p17-3048
g15	70	2	3p17-317
g15	976	2	1p17-35
g15	422	2	1p17-2
g15	287	2	1p17-8
g15	2	165	2p17-9472
g15	241	2	1p17-2394
g15	617	2	1p17-43134
g15	977	2	1p17-2
g15	1265	2	1p17-1
g15	1266	2	1p17-11
g15	211	2	1p17-29432
g15	1267	2	1p17-11
g15	2	612	2p17-2326
g15	980	2	1p17-1
g15	2	11	2p17-1840
g15	40	2	1p17-4
g15	828	2	1p17-1
g15	347	2	1p17-12
g15	400	2	1p17-3
g15	454	2	1p17-34
g15	2	367	2p17-6248
g15	297	2	1p17-48
g15	982	2	1p17-2
g15	361	2	1p17-1984
g15	983	2	1p17-1
g15	776	2	1p17-11
g15	1268	2	1p17-2
g15	988	2	1p17-11
g15	238	2	1p17-12
g15	1269	2	1p17-4
g15	234	2	1p17-4
g15	580	2	1p17-11
g15	1270	2	1p17-15
g15	174	2	1p17-2
g15	1271	2	1p17-1
g15	484	2	3p17-54,1p17-108
g15	250	2	3p17-326,1p17-548
g15	2	92	2p17-568
g15	1272	2	1p17-11
g15	991	2	1p17-1
g15	753	2	1p17-30
g15	1273	2	1p17-1
g15	94	2	1p17-8
g15	600	2	1p17-6
g15	1274	2	1p17-1
g15	284	2	1p17-215
g15	813	2	1p17-316
g15	993	2	1p17-11
g15	554	2	3p17-83,1p17-216
g15	376	2	1p17-6
g15	2	6	2p17-436
g15	1275	2	1p17-1
g15	2	223	2p17-368
g15	152	2	3p17-154
g15	2	270	2p17-328
g15	1276	2	1p17-1
g15	996	2	1p17-6
g15	51	2	1p17-518
g15	744	2	1p17-2
g15	74	2	1p17-1671
g15	652	2	1p17-2
g15	575	2	1p17-1
g15	556	2	1p17-6
g15	430	2	1p17-42
g15	683	2	1p17-2
g15	998	2	1p17-3
g15	999	2	1p17-1
g15	522	2	1p17-2
g15	1277	2	1p17-1
g15	768	2	1p17-3
g15	354	2	1p17-12
g15	178	2	1p17-1
g15	1278	2	1p17-1
g15	2	239	2p17-1374
g15	288	2	1p17-126
g15	2	268	2p17-368
g15	142	2	1p17-2
g15	334	2	1p17-12
g15	697	2	1p17-4
g15	661	2	1p17-1
g15	2	208	2p17-594
g15	82	2	1p17-2
g15	270	2	3p17-26
g15	2	79	2p17-538
g15	1279	2	1p17-4
g15	280	2	1p17-20
g15	507	2	1p17-434
g15	836	2	1p17-44
g15	1280	2	3p17-4,1p17-4
g15	533	2	1p17-406
g15	820	2	1p17-4
g15	1281	2	1p17-11
g15	66	2	1p17-4
g15	2	398	2p17-6612
g15	132	2	1p17-5
g15	2	295	2p17-2414
g15	1282	2	1p17-1
g15	107	2	1p17-6
g15	1010	2	1p17-48
g15	547	2	1p17-706
g15	1013	2	1p17-1
g15	1283	2	1p17-1
g15	2	140	2p17-6816
g15	1284	2	1p17-1
g15	1285	2	1p17-7
g15	729	2	1p17-1
g15	53	2	3p17-65
g15	1017	2	1p17-11
g15	359	2	1p17-1
g15	1018	2	1p17-34
g15	1019	2	1p17-1
g15	648	2	1p17-1
g15	1020	2	1p17-2
g15	1286	2	1p17-1
g15	78	2	1p17-1
g15	28	2	1p17-1
g15	2	250	2p17-5960
g15	1023	2	1p17-11
g15	1287	2	1p17-1
g15	2	284	2p17-938
g15	1288	2	1p17-1
g15	570	2	1p17-1
g15	1024	2	1p17-34
g15	237	2	1p17-11
g15	125	2	3p17-15
g15	1289	2	1p17-11
g15	2	29	2p17-1852
g15	1025	2	1p17-1
g15	2	33	2p17-1170
g15	1290	2	1p17-1
g15	1291	2	1p17-1
g15	763	2	1p17-1
g15	1027	2	1p17-1
g15	428	2	1p17-4
g15	268	2	3p17-75
g15	584	2	3p17-883
g15	892	2	1p17-2
g15	258	2	3p17-60
g15	878	2	1p17-1
g15	1292	2	1p17-11
g15	501	2	3p17-142
g15	2	448	2p17-48
g15	1030	2	1p17-4
g15	1293	2	1p17-1
g15	312	2	1p17-2
g15	108	2	3p17-211
g15	1294	2	1p17-11
g15	322	2	1p17-2
g15	542	2	1p17-4
g15	118	2	1p17-250
g15	578	2	1p17-12
g15	810	2	1p17-5
g15	1295	2	1p17-22
g15	1034	2	1p17-1
g15	59	2	1p17-42
g15	402	2	1p17-69
g15	2	410	2p17-32
g15	1296	2	1p17-34
g15	518	2	1p17-11
g15	128	2	1p17-2
g15	1037	2	1p17-36
g15	163	2	1p17-484
g15	850	2	1p17-3
g15	506	2	1p17-570
g15	223	2	3p17-61
g15	446	2	1p17-69
g15	2	293	2p17-114
g15	307	2	1p17-119
g15	1038	2	1p17-1
g15	1297	2	1p17-56
g15	303	2	1p17-119
g15	149	2	1p17-1
g15	1298	2	1p17-1
g15	1299	2	1p17-1
g15	633	2	1p17-12
g15	215	2	1p17-4
g15	2	574	11p17-139630
g15	1300	2	1p17-1
g15	341	2	1p17-1
g15	1041	2	1p17-1
g15	1042	2	1p17-22
g15	2	493	2p17-1658
g15	2	486	2p17-848
g15	1301	2	1p17-22
g15	217	2	1p17-46
g15	474	2	3p17-53,1p17-1614
g15	541	2	1p17-1392
g15	579	2	1p17-1
g15	1302	2	1p17-18
g15	634	2	1p17-11
g15	1303	2	1p17-11
g15	218	2	1p17-1
g15	1045	2	1p17-2
g15	2	385	2p17-844
g15	629	2	1p17-1541
g15	738	2	1p17-1
g15	6	2	1p17-120
g15	441	2	1p17-67
g15	495	2	1p17-45
g15	372	2	1p17-34
g15	1304	2	1p17-11
g15	520	2	1p17-1
g15	2	119	2p17-5218
g15	736	2	1p17-1
g15	504	2	1p17-9
g15	87	2	1p17-895
g15	1047	2	1p17-22
g15	2	288	2p17-1006
g15	527	2	1p17-1671
g15	1305	2	1p17-1
g15	348	2	1p17-10
g15	92	2	3p17-71,1p17-136
g15	458	2	1p17-444
g15	1306	2	1p17-1
g15	1307	2	1p17-1
g15	1050	2	1p17-76
g15	2	169	2p17-1354
g15	366	2	1p17-2
g15	2	133	2p17-4064
g15	727	2	1p17-22
g15	1308	2	1p17-1
g15	1309	2	1p17-1
g15	1053	2	1p17-9
g15	1310	2	1p17-1
g15	621	2	1p17-4231
g15	595	2	1p17-11
g15	789	2	1p17-72
g15	869	2	1p17-2
g15	345	2	1p17-36
g15	236	2	3p17-844
g15	525	2	1p17-16
g15	1311	2	1p17-11
g15	413	2	1p17-54
g15	398	2	1p17-40
g15	1057	2	1p17-19
g15	455	2	1p17-2451
g15	490	2	1p17-17
g15	2	182	2p17-794
g15	2	194	2p17-876
g15	1058	2	1p17-1
g15	464	2	1p17-2
g15	26	2	1p17-178
g15	1312	2	1p17-1
g15	2	95	2p17-1060
g15	1313	2	1p17-2
g15	2	325	2p17-884
g15	2	537	2p17-5018
g15	1314	2	1p17-22
g15	670	2	1p17-2
g15	1061	2	1p17-2
g15	1315	2	1p17-1
g15	17	2	3p17-683
g15	2	309	2p17-3128
g15	1316	2	1p17-11
g15	12	2	1p17-12
g15	1063	2	1p17-34
g15	220	2	1p17-14
g15	1317	2	1p17-1
g15	175	2	1p17-2
g15	43	2	1p17-238
g15	2	65	2p17-420
g15	222	2	3p17-157
g15	246	2	1p17-1
g15	1318	2	1p17-34
g15	513	2	1p17-1
g15	1068	2	1p17-12
g15	876	2	1p17-5
g15	819	2	1p17-1
g15	1069	2	1p17-3
g15	1319	2	1p17-35
g15	1320	2	1p17-1
g15	623	2	1p17-13
g15	300	2	1p17-138
g15	1070	2	1p17-2
g15	1321	2	1p17-1
g15	840	2	1p17-46
g15	2	70	2p17-5032
g15	646	2	1p17-2
g15	1322	2	1p17-65
g15	1323	2	1p17-3
g15	2	329	2p17-1128
g15	13	2	3p17-92
g15	1072	2	1p17-33
g15	2	530	2p17-600
g15	377	2	3p17-44128,1p17-385
g15	38	2	1p17-11
g15	390	2	1p17-3
g15	872	2	1p17-1
g15	686	2	1p17-33
g15	1076	2	1p17-36
g15	195	2	1p17-1
g15	145	2	1p17-6
g15	524	2	1p17-112
g15	1324	2	1p17-21
g15	351	2	1p17-13
g15	1325	2	1p17-5
g15	530	2	3p17-54
g15	839	2	1p17-6
g15	1081	2	1p17-33
g15	1326	2	1p17-11
g15	194	2	1p17-57
g15	592	2	1p17-2199
g15	2	214	1p6-368
g15	756	2	1p17-1
g15	1082	2	1p17-4
g15	758	2	1p17-2
g15	477	2	1p17-15
g15	877	2	1p17-9
g15	2	138	2p17-4938
g15	2	405	3p6-194
g15	607	2	1p17-343
g15	2	170	2p17-980
g15	2	346	2p17-4
g15	321	2	1p17-1256
g15	165	2	3p17-519
g15	153	2	3p17-174
g15	1327	2	1p17-9
g15	295	2	1p17-243
g15	196	2	3p17-4,1p17-8
g15	2	147	2p17-2264
g15	1328	2	1p17-4
g15	531	2	1p17-9
g15	292	2	1p17-18
g15	2	76	4p17-8
g15	358	2	1p17-4
g15	1089	2	1p17-9
g15	1090	2	1p17-12
g15	373	2	3p17-154
g15	176	2	1p17-2922
g15	602	2	1p17-2265
g15	535	2	1p17-1844
g15	1329	2	1p17-21
g15	21	2	1p17-34
g15	898	2	1p17-10
g15	2	446	2p17-230
g15	765	2	1p17-1
g15	2	199	2p17-242
g15	279	2	1p17-1
g15	60	2	1p17-20
g15	616	2	3p17-902
g15	1330	2	1p17-8
g15	2	862	2p17-8
g15	748	2	1p17-12
g15	1095	2	3p17-2,1p17-5
g15	106	2	1p17-564
g15	780	2	1p17-22
g15	343	2	3p17-695
g15	2	544	2p17-1896
g15	189	2	1p17-43
g15	1331	2	1p17-1
g15	346	2	1p17-44
g15	1097	2	1p17-1
g15	1332	2	1p17-2
g15	63	2	3p17-16
g15	473	2	1p17-43
g15	1098	2	1p17-2
g15	1099	2	1p17-1
g15	166	167	6p17-10
g15	528	2	1p17-148
g15	558	2	1p17-36
g15	1102	2	1p17-1
g15	494	2	1p17-177
g15	320	2	1p17-36
g15	2	283	2p17-552
g15	329	2	3p17-92
g15	2	622	2p17-310
g15	1333	2	1p17-4
g15	137	2	1p17-11
g15	1334	2	1p17-1
g15	1105	2	1p17-118
g15	1335	2	1p17-1
g15	1336	2	1p17-102
g15	2	272	2p17-552
g15	1106	2	1p17-22
g15	2	374	2p17-586
g15	2	466	4p17-6
g15	437	2	1p17-4
g15	770	2	3p17-2,1p17-2
g15	418	2	1p17-32
g15	360	2	1p17-22
g15	863	2	1p17-12
g15	140	2	3p17-532
g15	344	2	1p17-610
g15	426	2	1p17-11
g15	557	2	1p17-1848
g15	160	2	1p17-12
g15	181	2	1p17-12
g15	1337	2	1p17-1
g15	534	2	1p17-174
g15	2	205	2p17-450
g15	619	2	1p17-4
g15	2	124	2p17-48
g15	573	2	1p17-52
g15	148	2	1p17-219
g15	444	2	1p17-25379
g15	594	2	1p17-40
g15	1338	2	1p17-2
g15	488	2	1p17-1844
g15	182	2	1p17-56
g15	296	2	1p17-4
g15	221	2	1p17-5
g15	1339	2	1p17-1
g15	2	496	2p17-216
g15	1110	2	1p17-11
g15	548	2	1p17-2
g15	1112	2	1p17-41
g15	1340	2	1p17-72
g15	1341	2	1p17-1
g15	1114	2	1p17-1
g15	2	442	2p17-6520
g15	1115	2	1p17-11
g15	582	2	1p17-33
g15	804	2	1p17-2
g15	781	2	1p17-2
g15	1342	2	1p17-1
g15	33	2	9p17-14436
g15	1117	2	1p17-16
g15	1119	2	1p17-22
g15	266	2	1p17-54
g15	2	97	1p6-26
g15	330	2	1p17-1244
g15	2	152	2p17-1304
g15	485	2	1p17-2
g15	1343	2	1p17-11
g15	1121	2	1p17-1
g15	1344	2	1p17-3
g15	431	2	1p17-2251
g15	449	2	1p17-34
g15	1345	2	1p17-33
g15	35	2	1p17-4
g15	746	2	1p17-14
g15	472	2	1p17-128
g15	448	2	3p17-19,1p17-230
g15	614	2	1p17-69
g15	15	2	1p17-12
g15	88	2	1p17-4
g15	1123	2	1p17-1
g15	1124	2	1p17-4
g15	101	2	3p17-283
g15	1127	2	1p17-1
g15	463	2	1p17-10
g15	435	2	3p17-2,1p17-5
g15	2	103	2p17-16
g15	486	2	1p17-113
g15	2	474	2p17-712
g15	1346	2	1p17-3
g15	1347	2	1p17-4
g15	57	2	3p17-72
g15	192	2	1p17-1
g15	1348	2	1p17-11
g15	164	2	1p17-1965
g15	2	25	2p17-1156
g15	2	37	2p17-4464
g15	309	2	3p17-158,1p17-72
g15	798	2	1p17-216
g15	283	2	3p17-15
g15	1349	2	1p17-34
g15	18	2	1p17-23
g15	856	2	1p17-3
g15	550	2	1p17-12
g15	1350	2	1p17-22
g15	2	143	2p17-196
g15	91	2	3p17-177
g15	161	2	1p17-12
g15	456	2	1p17-2234
g15	304	2	1p17-10
g15	752	2	1p17-1
g15	681	2	1p17-2
g15	298	2	3p17-160,1p17-320
g15	311	2	1p17-9
g15	1351	2	1p17-36
g15	563	2	1p17-802
g15	1352	2	1p17-1
g15	147	2	3p17-148
g15	2	620	4p6-319600
g15	1142	2	1p17-1
g15	508	2	1p17-12
g15	417	2	1p17-2
g15	1353	2	1p17-2
g15	102	2	1p17-11
g15	2	153	2p17-1928
g15	1143	2	1p17-1
g15	183	2	1p17-4
g15	618	2	1p17-1
g15	1354	2	1p17-11
g15	19	2	1p17-22
g15	188	2	1p17-529
g15	1355	2	1p17-1
g15	1356	2	1p17-1
g15	187	2	1p17-57
g15	1145	2	1p17-1
g15	1357	2	1p17-2
g15	628	2	1p17-2
g15	133	2	3p17-147
g15	48	2	1p17-4
g15	2	258	2p17-56
g15	69	2	1p17-11
g15	261	2	1p17-11
g15	146	2	1p17-18
g15	482	2	1p17-18
g15	1149	2	1p17-1
g15	516	2	1p17-690
g15	1358	2	1p17-4
g15	1359	2	1p17-1
g15	2	352	2p17-6084
g15	68	2	1p17-108
g15	46	2	1p17-11
g15	1360	2	1p17-1
g15	119	2	1p17-12
g15	519	2	1p17-12
g15	2	148	2p17-880
g15	16	2	1p17-2
g15	1155	2	1p17-2
g15	1156	2	1p17-31
g15	1361	2	1p17-11
g15	551	2	3p17-12
g15	84	2	9p17-35699
g15	2	101	2p17-3312
g15	112	2	1p17-11
g15	256	2	1p17-2
g15	269	2	3p17-60,1p17-120
g15	357	2	1p17-1
g15	201	2	1p17-9
g15	23	2	1p17-1
g15	1362	2	1p17-2
g15	302	2	1p17-1
g15	1160	2	1p17-20
g15	1363	2	1p17-1
g15	500	2	1p17-17
g15	278	2	1p17-1
g15	1364	2	1p17-1
g15	747	2	1p17-11
g15	1161	2	1p17-22
g15	1162	2	1p17-11
g15	1163	2	1p17-1
g15	235	2	7p17-5209
g15	1365	2	1p17-1
g15	1164	2	1p17-1
g15	301	2	1p17-136
g15	1165	2	1p17-14
g15	773	2	1p17-2
g15	81	2	1p17-538
g15	1366	2	1p17-1
g15	1367	2	1p17-3
g15	391	2	1p17-4
g15	2	540	2p17-306
g15	1368	2	1p17-1
g15	27	2	1p17-3
g15	1369	2	1p17-11
g15	1370	2	1p17-2
g15	294	2	1p17-12
g15	36	2	3p17-151,1p17-136
g15	1371	2	1p17-36
g15	219	2	1p17-12
g15	564	2	3p17-792
g15	565	2	3p17-7
g15	475	2	1p17-2
g15	476	2	3p17-2,1p17-2
g15	897	2	1p17-2
g15	1169	2	1p17-1
g15	893	2	1p17-11
g15	41	2	1p17-12
g15	461	2	1p17-63
g15	1372	2	1p17-16
g15	1373	2	1p17-11
g15	374	2	1p17-117
g15	1374	2	1p17-34
g15	1375	2	1p17-12
g15	1376	2	1p17-1
g15	583	2	1p17-4
g15	692	2	1p17-8
g15	105	2	3p17-267,1p17-522
g15	392	2	1p17-1
g15	2	275	1p6-33
g15	323	2	1p17-1
g15	387	2	1p17-864
g15	1377	2	1p17-11
g15	1378	2	1p17-1
g15	1171	2	1p17-5
g15	673	2	1p17-1
g15	452	2	1p17-4
g15	54	2	1p17-117
g15	2	380	2p17-1704
g15	367	2	3p17-289
g15	1176	2	1p17-12
g15	86	2	1p17-48
g15	745	2	1p17-70
g15	677	2	1p17-68
g15	2	125	2p17-752
g15	200	2	1p17-2192
g15	216	2	3p17-71
g15	835	2	1p17-90
g15	1379	2	1p17-2
g15	2	538	4p17-8
g15	113	2	1p17-22
g15	272	2	3p17-16
g15	795	2	1p17-34
g15	1181	2	1p17-4
g15	393	2	1p17-97
g15	549	2	1p17-308
g15	224	2	1p17-12
g15	467	2	1p17-2
g15	483	2	1p17-24
g15	326	2	1p17-44
g15	569	2	1p17-261
g15	254	2	1p17-1
g15	2	427	2p17-722
g15	406	2	1p17-20
g15	608	2	1p17-12
g15	523	2	1p17-1952
g15	1380	2	1p17-11
g15	1381	2	1p17-2
g15	639	2	1p17-1
g15	263	2	1p17-12
g15	20	2	1p17-57
g15	1184	2	1p17-1
g15	229	2	1p17-6
g15	67	2	1p17-12
g15	171	2	1p17-1
g15	568	2	10p17-5209
g15	1186	2	1p17-1
g15	135	2	1p17-593
g15	1382	2	1p17-1
g15	627	2	1p17-10
g15	24	2	1p17-1
g15	169	2	1p17-118
g15	710	2	1p17-11
g15	8	2	1p17-1
g15	1383	2	1p17-1
g15	1190	2	1p17-1
g15	1384	2	1p17-4
g15	199	2	3p17-638,1p17-1208
g15	808	2	1p17-4
g15	363	2	1p17-7
g15	190	2	1p17-553
g15	862	2	3p17-5
g15	44	2	3p17-750
g15	439	2	1p17-1
g15	626	2	3p17-75140,1p17-2751
g15	2	255	2p17-186
g15	64	2	1p17-22
g15	1385	2	1p17-1
g15	585	2	1p17-102
g15	286	2	1p17-1
g15	1386	2	1p17-8
g15	1387	2	1p17-2
g15	447	2	3p17-10
g15	544	2	3p17-224,1p17-272
g15	1388	2	1p17-5
g15	1389	2	1p17-1
g15	2	36	2p17-2056
g15	1390	2	1p17-1
g15	1193	2	1p17-2
g15	1391	2	1p17-4
g15	1194	2	1p17-6
g15	210	2	1p17-1
g15	5	2	1p17-72
g15	687	2	1p17-12
g15	1392	2	1p17-12
g15	156	2	1p17-380
g15	7	2	1p17-18606
g15	853	2	1p17-2
g15	1197	2	1p17-43
g15	1393	2	1p17-2
g15	1394	2	1p17-1
g15	861	2	1p17-12
g15	173	2	1p17-118
g15	1395	2	1p17-9
g15	561	2	1p17-11
g15	99	2	1p17-1
g15	2	566	3p6-204
g15	1396	2	1p17-11
g15	857	2	1p17-77
g15	671	2	1p17-1
g15	606	2	1p17-23
g15	1201	2	1p17-1
g15	1397	2	1p17-10
g15	1398	2	1p17-12
g15	305	2	1p17-502
g15	650	2	1p17-9
g15	668	2	1p17-4
g15	1399	2	1p17-2
g15	816	2	1p17-10
g15	22	2	1p17-1
g15	1400	2	1p17-1
g15	121	2	3p17-503
g15	478	2	1p17-8
g15	1204	2	1p17-2
g15	806	2	1p17-1
g15	1206	2	1p17-1
g15	331	2	3p17-7
g15	655	2	1p17-1
g15	2	345	2p17-132
g15	601	2	3p17-843
g15	136	2	1p17-1
g15	205	2	1p17-34
g15	1401	2	1p17-1
g15	245	2	3p17-12
g15	489	2	1p17-212
g15	825	2	1p17-1
g15	587	2	1p17-12
g15	1402	2	1p17-6
g15	362	2	1p17-1
g15	1403	2	1p17-6
g15	1210	2	1p17-1
g15	130	2	1p17-1
g15	289	2	1p17-1
g15	598	2	1p17-11
g15	1212	2	1p17-1
g15	572	2	1p17-9
g15	185	2	1p17-3
g15	1213	2	1p17-1
g15	1404	2	1p17-1
g15	1214	2	1p17-1
g15	1215	2	1p17-1
g15	702	2	1p17-22
g15	151	2	1p17-1
g15	1220	2	1p17-11
g15	2	526	2p17-558
g15	2	233	2p17-110
g15	411	412	8p17-3
g15	365	2	1p17-1988
g15	1405	2	1p17-1
g15	2	373	2p17-2048
g15	1406	2	1p17-1
g15	1407	2	1p17-36
g15	2	597	2p17-2544
g15	1408	2	1p17-1
g15	2	101	2p17-4128
g15	187	2	1p17-55
g15	353	2	1p17-21
g15	635	2	1p17-35
g15	1409	2	1p17-1
g15	2	544	2p17-3144
g15	524	2	1p17-108
g15	334	2	1p17-12
g15	585	2	1p17-100
g15	1176	2	1p17-1
g15	1410	2	1p17-1
g15	244	2	1p17-288
g15	568	2	10p17-1691
g15	1157	2	1p17-4
g15	208	2	1p17-120
g15	2	36	2p17-5456
g15	84	2	9p17-8703
g15	182	2	1p17-55
g15	282	2	1p17-570
g15	216	2	3p17-62
g15	125	2	3p17-13
g15	551	2	3p17-12
g15	410	2	3p17-7
g15	640	2	1p17-1
g15	1411	2	1p17-2
g15	102	2	1p17-11
g15	2	352	2p17-5870
g15	277	2	1p17-4
g15	973	2	1p17-4
g15	2	1280	2p17-24
g15	176	2	1p17-3596
g15	303	2	1p17-107
g15	153	2	3p17-182
g15	309	2	3p17-162,1p17-68
g15	372	2	1p17-4
g15	535	2	1p17-1755
g15	140	2	3p17-541
g15	57	2	3p17-67
g15	141	2	1p17-26
g15	1412	2	1p17-1
g15	351	2	1p17-2
g15	446	2	1p17-61
g15	423	2	1p17-8
g15	1413	2	1p17-1
g15	205	2	1p17-30
g15	2	325	2p17-880
g15	376	2	1p17-1
g15	655	2	1p17-35
g15	292	2	1p17-8
g15	559	2	1p17-4
g15	79	2	1p17-8
g15	222	2	3p17-166,1p17-192
g15	1414	2	1p17-1
g15	580	2	1p17-11
g15	442	2	3p17-562
g15	2	307	2p17-1922
g15	130	2	1p17-2
g15	46	2	1p17-11
g15	1298	2	1p17-81
g15	361	2	1p17-1919
g15	256	2	1p17-2
g15	2	48	2p17-4
g15	541	2	1p17-2262
g15	660	2	1p17-2
g15	166	167	6p17-10
g15	534	2	1p17-152
g15	402	2	1p17-68
g15	106	2	1p17-570
g15	343	2	3p17-635
g15	147	2	3p17-143
g15	54	2	1p17-128
g15	474	2	3p17-54,1p17-1622
g15	1415	2	1p17-2
g15	2	95	2p17-1028
g15	1416	2	1p17-1
g15	1127	2	1p17-1
g15	36	2	3p17-152,1p17-136
g15	1219	2	1p17-1
g15	2	472	2p17-976
g15	597	2	1p17-165
g15	1195	2	1p17-1
g15	156	2	1p17-382
g15	527	2	1p17-631
g15	629	2	1p17-1538
g15	41	2	1p17-11
g15	112	2	1p17-11
g15	1417	2	1p17-1
g15	2	208	2p17-572
g15	2	612	2p17-2138
g15	2	133	2p17-1568
g15	1418	2	1p17-11
g15	371	2	1p17-6
g15	496	2	3p17-25,1p17-72
g15	1419	2	1p17-4
g15	2	398	2p17-6624
g15	111	2	3p17-5,1p17-1015
g15	592	2	1p17-1818
g15	495	2	1p17-36
g15	1420	2	1p17-11
g15	305	2	1p17-287
g15	506	2	1p17-570
g15	614	2	1p17-68
g15	2	620	4p6-293950
g15	1421	2	1p17-1
g15	224	2	1p17-12
g15	1422	2	1p17-3
g15	128	2	1p17-11
g15	547	2	1p17-1935
g15	263	2	1p17-11
g15	471	2	1p17-1
g15	1280	2	3p17-3,1p17-4
g15	2	510	2p17-1354
g15	1423	2	1p17-1
g15	2	239	2p17-1374
g15	594	2	1p17-8
g15	92	2	3p17-71,1p17-136
g15	2	93	2p17-648
g15	330	2	1p17-1212
g15	569	2	1p17-272
g15	2	346	2p17-4
g15	532	2	1p17-1
g15	238	2	1p17-12
g15	160	2	1p17-12
g15	525	2	1p17-16
g15	346	2	1p17-44
g15	174	2	1p17-2
g15	94	2	1p17-1
g15	1045	2	1p17-1
g15	17	2	3p17-544
g15	158	2	1p17-4
g15	229	2	1p17-6
g15	284	2	1p17-223
g15	2	11	2p17-368
g15	290	2	1p17-12
g15	1174	2	1p17-9
g15	266	2	1p17-34
g15	499	2	1p17-2296
g15	539	2	1p17-1
g15	697	2	1p17-17
g15	93	2	3p17-42
g15	384	2	3p17-3
g15	285	2	3p17-273,1p17-608
g15	387	2	1p17-1045
g15	2	374	2p17-584
g15	701	2	1p17-1
g15	1424	2	1p17-1
g15	583	2	1p17-73
g15	211	2	1p17-14280
g15	704	2	1p17-1
g15	1071	2	1p17-9
g15	287	2	1p17-8
g15	479	2	1p17-2
g15	37	2	3p17-297
g15	173	2	1p17-116
g15	115	2	1p17-4
g15	304	2	1p17-196
g15	1425	2	1p17-1
g15	2	427	2p17-722
g15	1426	2	1p17-1
g15	626	2	3p17-52394,1p17-2942
g15	198	2	1p17-2
g15	365	2	1p17-1972
g15	235	2	7p17-1691
g15	270	2	3p17-26
g15	1091	2	1p17-1
g15	267	2	1p17-16
g15	26	2	1p17-49
g15	2	367	2p17-3552
g15	2	255	2p17-184
g15	515	2	1p17-2
g15	722	2	1p17-1
g15	627	2	1p17-10
g15	388	2	1p17-1
g15	2	25	2p17-1156
g15	301	2	1p17-136
g15	723	2	1p17-1
g15	2	268	2p17-584
g15	2	466	4p17-6
g15	33	2	9p17-4795
g15	502	2	1p17-8
g15	435	2	3p17-2,1p17-4
g15	118	2	1p17-249
g15	516	2	1p17-758
g15	1427	2	1p17-1
g15	105	2	3p17-267,1p17-528
g15	77	2	1p17-11
g15	66	2	1p17-4
g15	7	2	1p17-7879
g15	587	2	1p17-12
g15	2	141	2p17-618
g15	133	2	3p17-158
g15	1428	2	1p17-2
g15	250	2	3p17-335,1p17-552
g15	729	2	1p17-37
g15	1429	2	1p17-1
g15	434	2	1p17-4
g15	324	2	1p17-72
g15	98	2	1p17-12
g15	362	2	1p17-18
g15	735	2	1p17-4
g15	188	2	1p17-538
g15	1211	2	1p17-1
g15	145	2	1p17-6
g15	2	187	2p17-1660
g15	507	2	1p17-408
g15	565	2	3p17-13
g15	286	2	1p17-1
g15	31	2	1p17-1
g15	67	2	1p17-12
g15	461	2	1p17-33
g15	269	2	3p17-67,1p17-134
g15	2	214	1p6-356
g15	298	2	3p17-172,1p17-346
g15	533	2	1p17-389
g15	1070	2	1p17-8
g15	326	2	1p17-108
g15	2	20	2p17-1202
g15	108	2	3p17-212
g15	430	2	1p17-46
g15	746	2	1p17-8
g15	1430	2	1p17-1
g15	1431	2	1p17-1
g15	345	2	1p17-6
g15	199	2	3p17-615,1p17-1170
g15	39	2	1p17-19
g15	11	2	3p17-152
g15	478	2	1p17-4
g15	240	2	1p17-1
g15	1432	2	1p17-4
g15	64	2	1p17-14
g15	962	2	1p17-1
g15	557	2	1p17-1962
g15	373	2	3p17-147
g15	2	574	11p17-140278
g15	518	2	1p17-12
g15	2	143	2p17-196
g15	563	2	1p17-843
g15	397	2	1p17-1
g15	2	124	2p17-48
g15	51	2	1p17-518
g15	1433	2	1p17-1
g15	139	2	1p17-4
g15	456	2	1p17-2296
g15	1434	2	1p17-2
g15	601	2	3p17-706
g15	283	2	3p17-12
g15	550	2	1p17-12
g15	1435	2	1p17-9
g15	607	2	1p17-27
g15	297	2	1p17-2
g15	396	2	1p17-512
g15	2	85	2p17-42
g15	763	2	1p17-2
g15	1436	2	1p17-9
g15	501	2	3p17-145
g15	342	2	1p17-12
g15	766	2	1p17-8
g15	374	2	1p17-118
g15	611	412	6p17-5,8p17-3
g15	87	2	1p17-184
g15	2	97	1p6-26
g15	113	2	1p17-22
g15	370	2	1p17-11
g15	428	2	1p17-2
g15	494	2	1p17-1948
g15	2	222	2p17-576
g15	34	2	1p17-7
g15	608	2	1p17-12
g15	200	2	1p17-2132
g15	1381	2	1p17-36
g15	44	2	3p17-664
g15	441	2	1p17-144
g15	775	2	1p17-1
g15	2	65	2p17-420
g15	777	2	1p17-16
g15	778	2	1p17-2
g15	2	108	2p17-3760
g15	1437	2	1p17-1
g15	380	2	1p17-119
g15	2	29	2p17-1736
g15	180	2	1p17-242
g15	444	2	1p17-27947
g15	1346	2	1p17-1
g15	431	2	1p17-2426
g15	2	597	2p17-2520
g15	465	2	1p17-1
g15	472	2	1p17-139
g15	150	2	1p17-2
g15	473	2	1p17-22
g15	241	2	1p17-2295
g15	274	2	1p17-1
g15	251	2	1p17-40
g15	258	2	3p17-60
g15	2	540	2p17-288
g15	9	2	1p17-11
g15	2	182	2p17-712
g15	1438	2	1p17-11
g15	413	2	1p17-317
g15	417	2	1p17-3
g15	169	2	1p17-115
g15	2	270	2p17-272
g15	2	169	2p17-1328
g15	443	2	1p17-8
g15	2	385	2p17-844
g15	189	2	1p17-8
g15	564	2	3p17-634
g15	790	2	1p17-12
g15	2	538	4p17-6
g15	2	152	2p17-832
g15	1307	2	1p17-1
g15	544	2	3p17-225,1p17-276
g15	13	2	3p17-94
g15	792	2	1p17-4
g15	528	2	1p17-183
g15	584	2	3p17-738
g15	101	2	3p17-291
g15	181	2	1p17-11
g15	344	2	1p17-220
g15	32	2	1p17-98
g15	517	167	6p17-10
g15	69	2	1p17-11
g15	2	566	3p6-146
g15	1439	2	1p17-8
g15	360	2	1p17-55
g15	1440	2	6p6-2
g15	2	233	2p17-104
g15	2	373	2p17-1200
g15	489	2	1p17-72
g15	2	390	2p17-64
g15	486	2	1p17-118
g15	455	2	1p17-2189
g15	230	2	1p17-2300
g15	86	2	1p17-48
g15	367	2	3p17-287
g15	1441	2	1p17-2
g15	2	405	3p6-174
g15	1442	2	1p17-1
g15	549	2	1p17-296
g15	1443	2	1p17-2
g15	38	2	1p17-12
g15	445	2	1p17-2
g15	429	2	1p17-116
g15	321	2	1p17-1293
g15	52	2	1p17-1
g15	808	2	1p17-1
g15	458	2	1p17-460
g15	561	2	1p17-11
g15	245	2	3p17-12
g15	1444	2	1p17-8
g15	617	2	1p17-37707
g15	1012	2	1p17-1
g15	519	2	1p17-12
g15	1445	2	1p17-1
g15	421	2	4p6-40
g15	2	537	2p17-5018
g15	1217	2	1p17-1
g15	520	2	1p17-1
g15	1446	2	1p17-18
g15	2	622	2p17-310
g15	194	2	1p17-58
g15	18	2	1p17-15
g15	1222	2	1p17-4
g15	12	2	1p17-6
g15	571	2	1p17-20
g15	288	2	1p17-130
g15	2	275	1p6-32
g15	2	12	2p17-240
g15	815	2	1p17-4
g15	503	2	1p17-8
g15	163	2	1p17-484
g15	354	2	1p17-4
g15	816	2	1p17-10
g15	2	84	2p17-850
g15	432	2	1p17-1
g15	74	2	1p17-2048
g15	127	2	5p17-12110
g15	2	501	2p17-3904
g15	294	2	1p17-12
g15	819	2	1p17-1
g15	433	2	1p17-5
g15	2	258	2p17-168
g15	2	138	2p17-5566
g15	60	2	1p17-2
g15	1166	2	1p17-1
g15	281	2	1p17-1
g15	450	2	1p17-16
g15	186	2	1p17-3
g15	826	2	1p17-8
g15	2	105	2p17-72
g15	2	91	2p17-3136
g15	2	70	2p17-5930
g15	329	2	3p17-91
g15	452	2	1p17-22
g15	191	2	1p17-5
g15	223	2	3p17-58
g15	2	293	2p17-114
g15	1447	2	1p17-1
g15	53	2	3p17-53
g15	576	2	1p17-28
g15	2	245	2p17-88
g15	616	2	3p17-692
g15	833	2	1p17-1
g15	135	2	1p17-71
g15	2	33	2p17-1188
g15	121	2	3p17-516
g15	2	474	2p17-380
g15	1061	2	1p17-1
g15	2	493	2p17-1644
g15	2	6	2p17-432
g15	382	2	1p17-32
g15	91	2	3p17-170
g15	152	2	3p17-153
g15	89	2	1p17-203
g15	530	2	3p17-52
g15	352	2	1p17-12
g15	1448	2	1p17-1
g15	333	2	3p17-66,1p17-134
g15	602	2	1p17-2169
g15	2	140	2p17-11656
g15	841	2	1p17-1
g15	15	2	1p17-12
g15	386	2	1p17-12
g15	843	2	1p17-1
g15	485	2	1p17-3
g15	389	2	1p17-1
g15	482	2	1p17-239
g15	2	410	2p17-16
g15	475	2	1p17-2
g15	2	177	2p17-3288
g15	1162	2	1p17-1
g15	2	526	2p17-558
g15	2	63	2p17-184
g15	178	2	1p17-1
g15	426	2	1p17-1
g15	488	2	1p17-1966
g15	2	119	2p17-5516
g15	558	2	1p17-1
g15	621	2	1p17-1377
g15	457	2	1p17-4
g15	1082	2	1p17-1
g15	542	2	1p17-12
g15	416	2	1p17-1
g15	295	2	1p17-140
g15	852	2	1p17-25
g15	6	2	1p17-119
g15	484	2	3p17-55,1p17-108
g15	2	92	2p17-384
g15	2	271	2p6-591
g15	2	205	2p17-450
g15	377	2	3p17-12813,1p17-129
g15	447	2	3p17-10
g15	1449	2	1p17-16
g15	1450	2	1p17-21
g15	81	2	1p17-543
g15	523	2	1p17-1963
g15	2	148	2p17-838
g15	1451	2	1p17-2
g15	2	284	2p17-848
g15	573	2	1p17-40
g15	338	2	1p17-4
g15	307	2	1p17-118
g15	2	199	2p17-554
g15	2	380	2p17-1628
g15	197	2	1p17-1967
g15	279	2	1p17-1
g15	483	2	1p17-22
g15	220	2	1p17-2
g15	148	2	1p17-211
g15	337	2	1p17-563
g15	2	13	2p17-528
g15	2	551	2p17-184
g15	995	2	1p17-2
g15	1292	2	1p17-2
g15	177	2	1p17-16
g15	865	2	1p17-11
g15	70	2	3p17-331
g15	236	2	3p17-681
g15	103	2	3p17-21
g15	570	2	1p17-1
g15	868	2	1p17-1
g15	2	446	2p17-220
g15	2	103	2p17-32
g15	1121	2	1p17-11
g15	436	2	1p17-11
g15	2	496	2p17-400
g15	331	2	3p17-7
g15	146	2	1p17-4
g15	448	2	3p17-4,1p17-36
g15	2	79	2p17-500
g15	8	2	1p17-3
g15	68	2	1p17-115
g15	3	2	1p17-8
g15	2	147	2p17-1304
g15	300	2	1p17-139
g15	1452	2	1p17-10
g15	29	2	1p17-117
g15	63	2	3p17-17
g15	2	53	2p17-736
g15	2	57	2p17-600
g15	595	2	1p17-11
g15	877	2	1p17-4
g15	114	2	1p17-8
g15	2	345	2p17-132
g15	59	2	1p17-14
g15	2	505	2p17-4
g15	164	2	1p17-720
g15	477	2	1p17-1
g15	2	309	2p17-2208
g15	280	2	1p17-33
g15	904	2	1p17-992
g15	49	2	1p17-6
g15	165	2	3p17-515
g15	358	2	1p17-8
g15	190	2	1p17-734
g15	347	2	1p17-12
g15	83	2	1p17-20
g15	2	37	2p17-5592
g15	5	2	1p17-72
g15	2	194	2p17-836
g15	403	2	1p17-20
g15	2	168	2p17-152
g15	129	2	1p17-1
g15	2	329	2p17-488
g15	2	295	2p17-2384
g15	2	153	2p17-1088
g15	14	2	1p17-1
g15	2	76	4p17-6
g15	272	2	3p17-16
g15	1206	2	1p17-1
g15	1453	2	1p17-1
g15	531	2	1p17-1
g15	892	2	1p17-9
g15	2	565	2p17-368
g15	2	288	2p17-914
g15	894	2	1p17-4
g15	299	2	1p17-3
g15	2	250	2p17-6000
g15	2	165	2p17-9130
g15	119	2	1p17-12
g15	268	2	3p17-67
g15	350	2	3p17-523,1p17-1105
g15	48	2	1p17-4
g15	1454	2	1p17-4
g15	2	571	2p17-174
g15	1455	2	1p17-1
g15	2	442	2p17-10310
g15	308	2	3p17-3,1p17-12
g15	232	2	1p17-116
g15	411	412	8p17-3
g15	312	2	1p17-2
g15	2	486	2p17-806
g15	20	2	1p17-54
g15	1033	2	1p17-2
g15	328	2	3p17-726
g15	2	121	2p17-11800
g15	610	2	1p17-4
g15	508	2	1p17-11
g15	1456	2	1p17-2
g15	265	2	1p17-4
g15	398	2	1p17-40
g15	2	170	2p17-980
g15	554	2	3p17-79,1p17-165
g15	898	2	1p17-3
g15	562	2	1p17-8
g15	591	2	1p17-1
g15	513	2	1p17-1
g15	596	2	1p17-20
g15	393	2	1p17-100
g15	529	2	1p17-1
g15	262	2	1p17-12
g15	2	253	2p17-4
g15	2	530	2p17-456
